대구 도심에 '행복기숙사' 개관,https://v.daum.net/v/t7Vey9xvKV,"◀앵커▶대구·경북 지역 대학생들이 저렴하게 이용할 수 있는 행복기숙사가 대구 중구에 문을 열었습니다.
대구시가 무상으로 제공한 땅에 교육부와 한국사학진흥재단 등이 기금을 들여 건립했습니다.
기숙사 일부 시설을 동네 주민에게도 개방했는데, 전국에서 처음이라고 합니다.
권윤수 기자입니다. 
◀기자▶대구 달성군 구지면에서 경산에 있는 대학교로 통학했던 곽수민 씨는 지난 3월부터 대구 중구에 있는 기숙사에서 살고 있습니다.
왕복 5시간 걸렸던 통학 시간이 절반 이내로 줄어 한결 편하고 학업에도 더 집중할 수 있게 됐습니다.
◀곽수민 대학교 3학년▶""새벽부터 일어나고 밥을 먹고 했었는데, 여기 있으니까 일정한 생활 패턴도 생기고··· 통학 다니느라 교통비 이런 것도 많이 썼는데…""
지난 3월 문을 연 대구 행복기숙사는 대구시가 옛 중구보건소 땅을 무상 제공하고 한국사학진흥재단과 교육부 기금 등 448억 원으로 지었습니다.
장애인실을 제외하고는 모두 2인 1실로 독서실과 구내식당, 체력단련실 등이 갖춰져 웬만한 것은 기숙사에서 해결할 수 있습니다.
도시철도역이 가까워 교통이 편리하고, 무엇보다 주거비가 관리비를 포함해 한 달에 24만 원으로 저렴하다는 게 장점입니다.
대구·경북 지역 19개 대학교 학생 천 명까지 입소할 수 있는데 60% 정도가 찼습니다.
◀차명돈 한국사학진흥재단 교육환경개선본부장▶""대구·경북 지역 소재의 대학교 재학생이나 대학원생이 주 대상이 되겠고요. 저희는 공공 기숙사의 특성상 사회적 배려자 우선 입주 제도가 있습니다.""
단순 주거 기능뿐 아니라 청년의 구직을 돕고 지역 주민에게 열린 공간으로 자리 잡았습니다.
대구시 청년센터가 입주해 취업을 지원하고, 면접 정장을 무료로 빌려주는 '희망 옷장'이 북구 유통단지에서 이곳으로 옮겨 왔습니다.
식당과 카페, 휴식 공간, 지하 주차장은 주민에게 개방했습니다.
전국 40여 개 기숙사를 운영하는 한국사학진흥재단은 주민 친화적 기숙사를 짓기는 이번이 처음이라면서 대구형을 모델로 확대해 나가겠다고 밝혔습니다.
MBC 뉴스 권윤수입니다. (영상취재 이동삼)


© Daegu Munhwa Broadcasting Corporation. All rights reserved."
대구시 시민소통 창구 늘었다고?···'줄줄이 중단',https://v.daum.net/v/XzTey9xvBv,"◀앵커▶대구시가 최근 정책토론 청구 제도를 개정해 시민들의 참여가 어려워졌다는 보도, 6월 5일에 전해드렸습니다.
대구시는 개정 이유로 정책토론 청구 외에도 정책에 참여하는 시민들의 소통 창구가 늘었기 때문이라고 설명했습니다.
얼마나 타당한 주장인지 검증해 봤습니다. 
보도에 조재한 기자입니다.  
◀기자▶대구시는 정책토론 조례를 개정하며 시민들이 참여하는 소통창구가 늘었기 때문이라고 설명했습니다.
◀황순조 대구시 기획조정실장 (5월 1일, 대구시의회 기획행정위원회)▶""15년 전에 비해 주민참여예산제, 토크대구, 소통이음 제도 등 시민참여를 통한 소통창구가 늘어났고···""
대구시가 언급한 소통창구 관련 정보공개 청구해 시행 상황을 분석했습니다.
먼저 주민참여예산제는 2016년부터 사업 선정 총회가 해마다 1번씩 열려 증감에 변화가 없었습니다.
한 번에 적게는 43명, 많게는 92명까지 참여했습니다.
다음은 홍준표 시장이 당선되고 2022년 6월 도입한 '소통이음' 제도입니다.
지금까지 1번 열렸습니다. 
도입하자마자 '시정혁신, 적극행정 경진대회'를 안건으로 온라인으로 열었는데, 석 달 동안 참여한 인원은 70명에 불과했습니다.
전임 권영진 시장 때인 2019년 11월 도입한 '토크대구'는 2021년 9월까지 6차례 모두 온라인으로 열렸습니다.
239명까지 참여하기도 했지만 3번은 10명 안팎에 그치는 등 점점 유명무실해지다 2021년 9월 이후로는 한 번도 열리지 않았습니다.
6차례 가운데 2번의 안건은 또 다른 소통창구인 '시민 원탁회의 주제 찾기'가 안건이었습니다.
시민 원탁회의는 2014년 9월 도입돼 24번 열리며 가장 활발하게 운영됐습니다. 
코로나 19 사태인 2020년 이후 3번의 온라인과 1번의 온/오프라인 병행을 제외하고 모두 오프라인으로 열렸습니다.
참여자도 300명 이상만 15번, 200명 이상 300명 미만도 6번으로 다른 소통 창구에 비해 훨씬 많았습니다.
가장 활발한 소통창구였지만 홍준표 시장 취임 이후 2022년 9월 폐지됐습니다. 
대구시는 정책토론 제도 개정 이유로 시민 공청회와 설명회에서 다룬 내용을 반복하는 사례가 많다는 이유도 댔습니다.
◀황순조 대구시 기획조정실장 (5월 1일, 대구시의회 기획행정위원회)▶""시민 공청회나 설명회에서 이미 다루어졌던 내용들이 재반복되는 사례가 많아 개정하려는 것으로···""
대시민 공청회와 대시민 설명회도 정보공개를 청구해 확인했습니다.
공청회는 2016년 공원녹지기본계획, 설명회는 2019년 신청사 건립 시민설명회로 각각 1번뿐입니다.
◀대구시 관계자▶""(대구)시 전체 자료를 뿌려서 공문을 뿌려서 제가 그렇게 받은 (공청회, 설명회) 자료거든요. 들어온 자료가 일주일 동안 기간을 드리고 각 부서에 자료를 제출해달라고 해도 이렇게밖에 안 들어왔어요.""
대구시 신청사 이전지를 정할 때는 숙의형 민주주의가 시행됐습니다.
신청사건립추진공론화위원회가 22번, 시민참여단 1번 등 모두 23번 열렸습니다.
특히 시민참여단은 2019년 12월 2박 3일 숙박 논의 끝에 대구시 신청사 후보지로 달서구 두류정수장으로 정하는 성과를 내며 전국적인 주목을 받기도 했지만, 이후로는 단 한 번도 열리지 않았습니다. 
◀장지혁 대구시민단체연대회의 운영위원장▶""듣는 창구를 다 없애버리지 않았습니까? 원탁회의도 거의 안 하지, 정책토론 청구도 개악했지, 언론사 취재도 거부하지, 이런 걸 봤을 때 '홍시장은 소통의 제왕이 아니라 독단의 제왕이다.' 이렇게 평가할 수 있고 소통이란 것은 서로 왔다 갔다 하는 건데 일방적으로 전달만 하잖아요.""
대구시는 시민들과의 소통 창구 확대로 정책토론제도 청구인 수를 늘리는 등 개정한다고 밝혔습니다.
하지만 홍준표 시장 취임 이후 가장 활발하게 운영되던 시민 원탁회의는 폐지되고 정책토론 청구 제도 역시 문턱이 크게 높아지는 등 시민 소통이나 정책 참여 기회는 크게 줄어든 것으로 확인됩니다.
MBC 뉴스 조재한입니다. (영상취재 윤종희, CG 김현주)


© Daegu Munhwa Broadcasting Corporation. All rights reserved."
아흔셋 한국전쟁 참전용사의 기억,https://v.daum.net/v/qI8ObarqqD,"◀앵커▶호국보훈의 달인 6월, 특히 6일은 현충일이었습니다.
이 땅의 평화를 지키기 위해 목숨도 아끼지 않은 순국선열의 숭고한 희생정신을 추모하고 기렸습니다.
한국전쟁이 일어난 지 70년이 더 지나면서 전쟁이 남긴 참상도 기억 속에서 점점 희미해지고 있는데요.
최일선 전투에서 목숨 걸고 싸웠던 참전용사는 두 번 다시 전쟁은 없어야 한다며 평화를 기원했습니다.
변예주 기자가 백발의 용사를 만났습니다.
◀기자▶1950년 한국전쟁이 발발했을 때 약관 스무 살의 김진원 씨는 국군으로 38선을 지키고 있었습니다.
2023년으로 아흔셋, 73년 전 그날의 기억은 지금도 생생하게 남아 있습니다.
◀김진원 한국전쟁 참전 용사▶ ""1949년부터 38선 강원도 춘천 지암리 무명고지에서 경계 근무를 해서… '저기 소대장님 인민군이 새카맣게 진공해 오고 있습니다' 해서 보니까 (남침하고 있었어요)""
거침없는 북한군의 남침에 맞서 최종 저지선이던 낙동강 전투에 유엔군과 함께 투입됐습니다.
◀김진원 한국전쟁 참전 용사▶ ""(낙동강 전선을) 무조건 사수하라 했습니다… 죽으나 사나 우리는 거기서 보급, 실탄도 없고···""
밤에는 인민군, 낮에는 국군이 고지를 점령하는 일진일퇴 공방이 오가면서 수많은 전우를 떠나보내야 했습니다. 
◀김진원 한국전쟁 참전 용사▶ ""손을 야밤에 뻗어서 '머리가 길면 국군이다, 머리가 짧으면 인민군이다' 이렇게 (구분) 하고, 하룻밤을 야간 전투하면 1개 중대 병력이 한 반 이상은 희생됩니다.""
한국전쟁이 끝나고 70년, 대구·경북에는 5천 5백여 명의 참전용사가 남아 있습니다.
빗발치던 포탄과 총알 속에서 생사가 오가던 전우들이 지킨 평화를 누리며 이제는 90을 넘긴 백발의 용사로 남아 있습니다.
◀김진원 한국전쟁 참전 용사▶ ""전우들이 많이 전사하고 이럴 때가 참 뼈가 아프고··· 지금이라도 기억이 나는데, 그 사람들 너무 안타깝게 생각하고 정말로 같이 참···""
참혹한 전쟁의 기억이 점점 희미해져 가는 첨단 과학의 시대에도 한반도는 북의 핵 위협과 주변 강대국 사이 긴장감이 여전합니다.
전란 속에 살아남은 김진원 용사는  땅에 다시는 전쟁이 일어나서는 안 된다며 전우들의 희생을 추모하고 평화를 기원하고 있습니다.
MBC 뉴스 변예주입니다. (영상취재 장우현)


© Daegu Munhwa Broadcasting Corporation. All rights reserved."
"""술·담배보다 대마 먼저""…귀국한 큰손들, 마약 찾는다 (풀영상)",https://v.daum.net/v/pnE6C7fOEA,"<앵커>
저희는 어제(5일) 대마를 합법화한 미국에서 마약이 얼마나 심각해졌는지 보도해 드렸는데요. 그 여파가 우리나라에까지 영향을 미치고 있습니다. 규제가 느슨해진 미국에서 마약을 접하게 된 사람들이 우리나라에 돌아와서도 마약을 계속 끊지 못하는 악순환이 반복되고 있는겁니다.
신용식, 김민준 두 기자가 이 내용 취재했습니다.
<신용식 기자>
뉴욕 맨해튼 한인 타운.
출입문을 잠그고 손님을 가려 받고 있는 마약류 판매소.
취재진이 한국인임을 알아보고는 곧장 문을 열어줍니다.
[A 대마샵 직원 : 우리 고객의 큰 부분을 차지하는 건 특히 한국인입니다.]
신분증 확인해야 하는 규정을 어기고 그냥 입장시키는 이 판매소는 한국인이 익숙한 듯 충고까지 덧붙입니다.
[B 대마샵 직원 : 한국인 관광객, 하루에 15~30명 정도 와요. 다만, 한국에 (대마 제품을) 챙겨가는 건 추천하지 않습니다.]
파티가 많은 금요일에 한국인이 많이 찾는다고 합니다.
[C 대마샵 직원 : 여기 한국인 오냐고? 금요일에 엄청 많이 옵니다!]
한인 타운 근처 판매소.
길을 지나는 관광객에게도 대마 상품을 나눠주고 있습니다.
지금 제 손에 있는 건 대마가 들어간 오일입니다.
대마 가게 앞을 지나면 누구나 무료로 받을 수 있습니다.
한인타운 음식점에서 한국인들의 대마 흡연은 흔한 일입니다.
[이영/뉴욕 한인 타운 음식점 사장 : 식당 안에서도 계속 감추고, 소매 밑으로 이렇게 감추고 이렇게 해요. (냄새 때문에) 마스크 필수예요.]
한국인이라면 대마는 미국에서 피워도 당연히 불법입니다.
하지만 미국의 '브레이크'가 느슨해지면서 불법 약물에 대한 한국인의 노출 위험이 커지고 있습니다.
---
<김민준 기자>
해외에서 배운 마약은 그곳에서 끝나지 않았습니다.
한국에 돌아와서도 계속 생각났고, 다른 마약에도 손을 대면서 강도를 높여갔습니다.
해외에서 한국까지, 이 악순환에 빠졌던 이들을 직접 만나보겠습니다.
3살 때 미국으로 간 A 씨.
시작은 중1 때 처음 경험한 '대마'였습니다.
[A 씨 : (학교마다) 한두 명 정도는 무조건 대마초 판매하는 친구가 있어요. 저는 오히려 담배나 술을 먹기 전에 대마초를 먼저 피우게 됐어요.]
이후 파티에서 엑스터시, 코카인을 접했고, 20살 넘어 한국에 들어온 뒤 결국, 필로폰까지 손을 댔습니다.
[A 씨 : 텔레그램이 활성화되면서 저도 이렇게 온라인 방식으로 구해 보니까 너무나 쉬운 거예요.]
현재 재활 치료 중인 A 씨는 대마 합법화로 한국인 유학생들이 더 쉽게 노출될 거라며 우려했습니다.
[A 씨 : 어쩔 수 없이 접하게 될 수밖에 없어요. 구해야 된다는 그 생각조차가 그냥 사라진 거고 당연시된 거예요. 이게 뭐 마트 가서 사듯이.]
유학 중 대마를 경험한 일부 유학생은 밀반입을 시도하는데, 실제로 지난 4월, 20대 유학생이 직접 들고 오다가 관세청에 적발됐습니다.
미국으로부터 밀반입하려다 적발된 대마초 양은 계속 늘고 있습니다.
최근 2년간 미국, 대마 관련 판결문 140여 건을 분석한 결과, 밀반입 등의 형태로 들여온 경우가 81건, 여기에 복용까지 함께 한 경우는 19건에 이릅니다.
그러나 대표적인 암수범죄인 마약 범죄의 특성상, 실제 밀반입되는 대마는 더 많은 것으로 추정됩니다.
[박진실/마약 전문 변호사 : 국제우편이나 이런 것들을 통해서 들여오는 양이 적지 않은데, 세관에서 모두 다 발각되는 것은 아니어서. 실제로 압수된 양보다 국내에 유입되는 양들이 굉장히 많고..]
미국의 대마 합법화는 마약 차단을 위한 우리 '골든타임'도 위협하고 있습니다.
(영상취재 : 강동철·김승태, 영상편집 : 김준희·오영택, CG : 조수인)
<앵커>
조동찬 의학전문기자 나와 있습니다.
Q. 미국서 시작해 국내로 이어지는 실태는?
[조동찬 의학전문기자 : 미국에서 대마 들여오려는 건수 늘고 있다는 것. 저희 보건의료팀이 2년 동안의 판결문을 전수 분석해서 알아낸 겁니다. 저희는 미국발 대마만 확인했는데 캐나다, 영국, 동남아 국가에서도 상황은 마찬가지입니다. 이들 국가에서 마약 손댄 젊은이들 저희가 직접 만나기도 했는데, 관련 통계는 아예 없습니다. 대마, 심각한 마약이 어떻게 유입되고 누가 주로 중독되고 있는지 학계 연구나 국가 조사를 당장 시작해야 합니다. 가장 급한 대책이 뭔지 알 수 있으니까요.]
Q. 대마에서 악성 마약으로 이어지는 이유는?
[조동찬 의학전문기자 : 제가 논문 2개 바로 보여드리겠습니다. 첫 번째 논문은 알코올 중독 그동안 과음이 원인이라고 생각해 왔는데 그게 아니라고 하는 겁니다. 주요 원인은 특정 유전자, 이게 있으면 과음하지 않아도 알코올 중독에 빠지기 쉽다는 겁니다. 두 번째 논문 보면 이 특정 유전자가 있는 사람들이 대마에 손대면 모르핀, 펜타닐 같은 심각한 마약 중독으로 빠질 위험성이 크다고 경고합니다. 이 특정 유전자는 일반 인구 100명 중 10~20명꼴인데, 결코 적지 않은 숫자죠. 이들이 대마에 손대면 악성 마약 중독의 늪에 빠지기 쉽습니다.]
Q. 마약 취약 인구에 대한 국내 조사 필요?
[조동찬 의학전문기자 : 특정 유전자가 있으면 담배와 커피 등에도 중독되기 쉽습니다. 술, 담배, 커피 끊고 싶은데도 어려운 사람들은 대마에 손대면 낭패 볼 수 있습니다. 그런데 이런 과학적 원리가 우리 현실에서 어떻게 나타나고 있는지 실태조사가 필요합니다. 이게 마약 대책의 첫걸음입니다. 실태조사가요.]
(영상편집 : 오영택, CG : 이재준)
▷ 굳고 처지고 흐느적…때 놓치자 ""좀비 쏟아졌다"" (풀영상)[ 원문 링크 : https://news.sbs.co.kr/d/?id=N1007218200 ]
신용식 기자 dinosik@sbs.co.kr김민준 기자 mzmz@sbs.co.kr조동찬 의학전문기자 dongcharn@sbs.co.kr


저작권자 SBS & SBS Digital News Lab 무단복제-재배포 금지"
넷플릭스 출연 ‘6700억’ 상속녀 돌연 사망,https://v.daum.net/v/p3jSJlXeh6,"‘블링블링 엠파이어’ 애나 셰이뇌졸중으로 돌연 사망…‘62세’





            @annashay93 인스타그램
           




            넷플릭스 블링블링 엠파이어에 출연한 애나 셰이
           

아시아계 갑부들의 화려한 일상을 여과 없이 보여주는 리얼리티 쇼 ‘블링블링 엠파이어’ 주인공이었던 애나 셰이(62)가 돌연 사망했다.
6일(한국시간) 미국 피플지에 따르면 애나 셰이의 가족은 “사랑하는 어머니, 할머니이자 카리스마 넘치는 스타, 우리의 햇살이었던 애나 셰이가 뇌졸중으로 62세라는 이른 나이에 사망했다는 소식을 전하게 되어 슬프다”라는 입장을 전했다.
애나 셰이의 가족은 “그는 생전 삶을 너무 심각하게 여기지 말고 즐기라는 교훈을 가르쳐 주었다. 영원히 그리워하고 잊지 못할 것”이라며 비통한 심경을 전했다.
애나 셰이의 부친은 미국 대표 방산 업체를 창립한 억만장자였고, 어머니는 일본계 러시아 귀족으로 순자산은 6억 달러, 한화로 6700억원에 달했다.
애나는 LA에 사는 아시아계 갑부들의 화려한 일상을 여과 없이 보여주는 리얼리티 쇼 ‘블링블링 엠파이어’에 출연해 쿨한 모습으로 인기를 끌었다.
그는 다른 출연자들보다 나이가 두 배나 많았음에도 절대 가르치거나 과시하지 않았고, 오히려 어린 친구들에게 자신의 경험에서 우러나는 조언을 해줬다.
김유민 기자
▶ 밀리터리 인사이드 - 저작권자 ⓒ 서울신문사 -


Copyrightsⓒ 서울신문사. 무단 전재 및 재배포 금지"
“지금이 가장 싸다?”...마피에도 안팔리더니 웃돈 2억에도 불티,https://v.daum.net/v/y8CTbarqeA,"4~5월 두달새 102건 거래1분기 거래량의 두배 이상둔촌주공 84㎡ 18억 거래“분양가 올라 분양권 수요 늘어“





            서울 강동구 둔촌주공(올림픽파크 포레온) 공사현장.
           


           신축 아파트 분양가가 급등하면서 분양권 거래가 살아나고 있다. 앞으로도 분양가가 계속 오를 것이라는 전망이 확산되면서 수요자들이 과거 분양가로 공급된 분양권과 조합원 입주권에 관심을 갖는 것이다. 정부가 최근 전매제한 완화 등 분양권 거래 규제 완화를 실시한터여서 투자 수요도 분양권 거래로 몰리고 있다.
          
5일 서울부동산정보광장에 따르면 지난 4~5월 서울 아파트 분양권·입주권 전매 거래량은 102건으로 집계됐다. 이는 올해 1분기 전체 거래량(50건)의 2배를 넘는 수치다. 지난 4월에는 52건, 지난달에는 50건이 거래됐다. 5월 거래 신고기한이 이달 말까지인 점을 고려하면, 지난달 거래량은 이보다 더 많을 것으로 보인다.
국토부는 지난 4월 초 주택법 시행령을 개정해 아파트 분양권에 대한 전매 제한을 완화한 바 있다. 수도권 기준으로 최대 10년이었던 전매 제한 기간이 6개월~3년으로 축소됐다.
전매제한이 완화되면서 분양권 거래가 풀렸고, 실수요 및 투자 수요가 분양권으로 몰리면서 분양권 거래가 증가하고 있다.
서울 강동구 둔촌주공 재건축 아파트인 ‘올림픽파크포레온’ 전용 84㎡ 입주권은 지난달 18억원에 거래됐다. 이곳은 같은 평형이 13억원에 분양됐었다. 지난해 연말 청약 당시만해도 “비싸다”는 인식에 일부 평형이 미달되기도 했던 곳인데, 최근에는 오히려 웃돈이 붙어 거래되는 것이다.
지난달 3일 동대문구 용두동 ‘청량리역 한양수자인’ 주상복합 전용 84㎡는 14억1485만원에 손바뀜됐다. 이전 최고가인 11억8000만원과 비교해 2억3500만원가량 올랐다. 강동구 천호동 강동 밀레니얼 중흥S-클래스 전용 84㎡, 동작구 흑석동 ‘흑석리버파크자이’ 전용 59㎡도 이전 최고가보다 높은 가격에 거래됐다.
분양권 호가도 오르고 있다. 경기 안양시 동안구 ‘평촌센텀퍼스트’ 전용 84㎡ 분양·입주권 가격은 최저 10억원부터 최고 12억원 사이에 형성돼 있다. 동일 면적 일반 분양가는 최저 9억1170만원부터 최고 9억6480만원이었는데 최고 2억원에 달하는 프리미엄이 붙은 셈이다.
동대문구 전농동 청량리역 롯데캐슬 SKY-L65의 전용 84㎡ 분양권은 지난달 11억2930원에 거래됐는데, 분양가보다 2억원 이상 웃돈이 붙었다. 인근 대단지 아파트 급매물이 소진된 후 가격이 상승세를 타고 있는 가운데, 분양권 또한 주변 단지 시세와 키 맞추기에 들어간 것으로 보인다.
안양 인근 공인중개업소 관계자는 “수도권임에도 분양가 10억에 나올때만해도 ‘비싸다’는 인식이 많았는데 요즘 그런 가격의 공급이 계속 이어지다보니까 ‘분양가 떨어지기를 기다리는게 손해’라는 생각이 퍼지는 것 같다”고 설명했다.
전매제한 완화로 분양권 거래 시장이 열린데다, 최근 분양가가 급등하면서 실수요자들은 1~2년 전 분양된 신축 아파트를 주목하고 있다.
앞서 정부는 올 초 ‘1·3 부동산 대책’을 통해 수도권 전매 제한 기간을 최대 10년에서 3년으로 줄였다. 이에 따라 4월 7일부터 공공택지와 규제지역 분양권 전매 기간은 분양 시점으로부터 3년, 과밀 억제 권역은 1년, 그 외 지역은 6개월로 완화됐다.
전세가 하락으로 ‘갭투자’가 여의치 않은 환경에서 당장 전세수요를 걱정하지 않아도 되는 분양권 투자를 선호하는 분위기도 생겼다. 준공까지 2년 정도 남은 분양권을 매수한뒤 준공 직전 팔기 위한 수요다. 이러한 투자 수요가 붙으면서 본청약에서 미달됐던 서울 수도권 단지들은 끝내 완판되고 있다.
미분양으로 풀린 ‘장위자이레디언트’ 분양권을 매수한 직장인 김모씨는 “분양권은 역전세 걱정이 없이 2~3년간 적은 돈(계약금 10~20%)만으로 투자할수 있다. 지금이야 부동산 분위기가 안좋지만 2~3년뒤에는 공급 절벽으로 부동산 시장이 살아날 것으로 보기때문에 분양권을 매수했다”고 했다.
그러나 전매제한은 풀렸어도 실거주의무 폐지 법안은 통과되지 않아, 실거주의무가 붙어있는 분양권을 산 경우는 최악의 경우 ‘실거주해야하는’ 상황이 올 수도 있다. 국회에서는 분양가상한제 주택의 실거주 의무 폐지를 골자로 한 ‘주택법’ 개정안을 논의중이다. 국회에서는 분양가 상한제 주택에 대한 실거래 의무를 폐지하는 방안이 논의 중이지만, 갭투자가 증가 우려에 아직 국회 문턱을 넘지 못했다. 부동산 업계관계자는 “분양가 급등으로 2~3년뒤 공급 축소가 기정사실화되고 있다. 이로인해 신축의 몸값은 더욱 높아질 것”이라면서 “다만 실거주의무 폐지가 통과되지 못하면 투자 수요로 진입한 사람들은 큰 곤란을 겪을 수 있다”고 우려했다.


ⓒ 매일경제 & mk.co.kr, 무단전재 및 재배포 금지"
학원비 벌러 나갔다가 사고...보상 못받던 92만명 7월부터 혜택,https://v.daum.net/v/QGXQr3bDez,"尹 1호 노동법안 ‘산재보험법 개정안’ 시행전속성 요건 폐지…90만명 이상 혜택 전망





            [사진 = 연합뉴스]
           


           다음 달부터 특수형태근로 종사자까지 산재보험 적용이 대폭 확대되고 적용 대상 직종도 늘어난다. 윤석열 정부의 ‘1호 노동법안’으로 알려진 산업재해보상보험법 일부 개정안이 전면 시행되는 것이다. 정부는 약 92만5000명이 추가로 산재보험의 혜택을 받을 것으로 전망하고 있다.
          
6일 고용노동부는 7월 1일부터 특고 종사자뿐 아니라 온라인 플랫폼을 통해 불특정 다수의 업체에 노무를 제공하는 사람들도 산재보험의 보호를 받게 된다고 밝혔다.
그동안 산재보험법은 특정한 하나의 업체에 대해 노무를 제공해야 한다는 ‘전속성 요건’에 따라 특고 종사자는 한 사업장에 전속돼 일하고 임금을 받아야만 산재보험 적용 대상으로 인정되는 한계가 있었다. 한 곳의 업체에서 월 93시간 이상 일하거나 115만원 이상을 받아야 했다.
가령 지난해 7월 대리운전 기사 A씨는 업무 중 교통사고로 허리뼈가 골절됐으나 특정업체에 소속된 기사가 아니라는 이유로 산재보험을 적용받지 못했다. 그러나 산재보험의 전속성 폐지를 골자로 하는 개정안이 지난 5월 말 국회 본회의를 통과하면서 앞으로는 여러 업체에서 일하는 노무 제공자에 대한 산재보험 사각지대가 줄어들 전망이다.
또 개정된 산재보험법에서는 적용대상 직종도 확대돼 탁송기사·대리주차원, 관광통역안내원, 어린이통학버스기사, 방과후학교강사, 건설현장 화물차주 등을 비롯해 모든 일반 화물차주도 산재보험의 보호를 받게 된다. 산재보험료는 사업주와 노무 제공자가 절반씩 부담한다.
근로복지공단 관계자는 “산재보험 확대로 보험료 부담을 호소하는 영세 사업장과 노무제공자를 지원하기 위해 일부 직종에 대해 보험료 경감제도를 운영하고, 사업주를 대신해 산재보험 보험사무를 이행하는 플랫폼 운영자에 대해서도 필요한 비용의 일부 지원할 예정”이라고 밝혔다.


ⓒ 매일경제 & mk.co.kr, 무단전재 및 재배포 금지"
“다산의 공정은 몸으로 실천하는 것…윤 대통령은 입으로만 공정”[논설위원의 단도직입],https://v.daum.net/v/Kt5Msp9rTO,"박석무 다산연구소 이사장





            박석무 다산연구소 이사장이 지난달 31일 경기 수원시 효원로 다산연구소에서 경향신문과 인터뷰하고 있다. 박 이사장은 공직자뿐 아니라 일반 시민에게도 다산의 ‘공정과 청렴’ 정신이 중요하다고 말했다. 서성일 선임기자 centing@kyunghyang.com
           


           1942년 전남 무안에서 태어나 광주고·전남대 법대를 졸업했다. 전남대 재학 중 한일기본조약에 반대하는 6·3항쟁에 참여했다가 구속되는 등 민주화운동으로 4차례 옥살이를 했다. 평화민주당 소속으로 무안에서 13·14대 국회의원을 지냈다. 학술진흥재단 이사장, 한국고전번역원장 등을 역임했다. 1971년 석사 논문 ‘다산 정약용의 법사상’을 쓴 후 다산 연구에 몰입했다. 2004년엔 ‘다산으로 깨끗한 세상을’을 내걸고 다산연구소를 설립했다. 1979년 <유배지에서 보낸 편지>를 시작으로 <다산 정약용 평전> <다산기행> 등 10여권의 다산 관련 책을 냈다.
          

           공직자들 윤리의식 적당주의로 흘러…자기가 잘못하면 큰일 난다는 인식 부족
           ‘풀어 쓰는 다산 이야기’에선 ‘목민심서’ 인용해 부당한 정치와 행정 행위 질타 
           다산 철학의 핵심 키워드는 공정과 청렴…공렴을 각오하고 죽을 때까지 실천 
           다산은 외교 사대주의 거부…현 정부도 중국과 선린 등 세밀한 외교 할 필요성 
           옛날 비하면 지금은 정치도 아냐…윤 정부 진정한 소통 하고 있는지 되돌아봐야
          
다산 정약용(1762~1836)은 조선 후기 실학을 집대성한 학자다. 다산은 “온 세상이 썩은 지 오래”라고 개탄하며 세상을 개혁하지 않으면 나라가 망할 것이라고 경고했다. 다산은 18년을 유배생활하면서 500권이 넘는 방대한 저술을 남겼는데, 그 속에 시대의 질문과 실천 방안을 담았다. 다산은 늘 ‘민생국계(民生國計)’, 즉 어떻게 하면 백성을 편안하고 잘살게 할지(민생)와 좋은 나라를 만들지(국계) 고민했다고 한다. 정치가 혼탁할 때, 공직자의 부정부패가 발생할 때, 서민들의 삶이 팍팍해질 때면 시대를 초월해 다산이 호명된다. 다산의 눈에 지금은 어떻게 비칠까.
박석무 다산연구소 이사장(81)은 평생을 다산 연구에 천착했다. 박 이사장은 19년째 ‘풀어 쓰는 다산 이야기’를 통해 다산의 삶과 글과 생각을 알리고 있다. 이 방대한 글들을 간추리고 재구성한 <다산학을 말하다>가 다음주 출간된다. 지난달 31일 박 이사장을 경기 수원시 효원로에 있는 다산연구소에서 만났다.
왜 공직자의 도덕성 문제는 끊이지 않을까. 박 이사장은 “윤리의식이나 공적 의식이 예전에 비해 강화되지 않고 적당주의로 가고 있다”고 짚었다. 다산은 공직자들이 공정하고 청렴하게 행정을 하고 제도를 만들면 세상은 바르게 된다고 여겼다. 박 이사장은 중요한 것은 직접 행하는 것이라고 했다. “다산이 말하는 실사구시는 실천”이라며 “일을 하면서 옳은 것을 찾는 것이지, 관념이나 사유 속에서 옳은 것을 찾자는 것이 아니다”라는 것이다. 그런 점에서 윤석열 대통령의 공정과 소통에 대해서도 아쉬움을 내비쳤다.



- 다산 연구를 한 지 50년이 넘었습니다. 다산은 어떤 매력이 있길래 평생의 연구 과제로 삼게 되었습니까.
“1971년에 <다산 정약용의 법사상> 석사 논문을 썼으니 그때부터 본격적으로 다산을 연구하기 시작한 셈이지요. 다산은 자기가 살던 시대인 200년 전 조선 말기 사회가 너무 부패·타락했고, 관리들의 세상이 되어선 백성들이 살 길이 없다고 생각했어요. 한마디로 ‘정상적인 사회가 아니다’라고 본 거죠. 그는 마음속에 항상 민(백성)과 국(나라)을 새긴 애국자입니다. 어떻게 하면 부패를 막고 깨끗한 세상을 만드느냐에 관한 책이 <목민심서>입니다. <경세유표>는 타락하고 부패한 세상을 개혁해야 한다는 책인데, 그중에 오래된 나라를 새롭게 만들자는 신아구방(新我舊邦)이 있습니다. 요즘 말로 하면 ‘리셋 코리아’입니다. 제가 젊었을 때 5·16 군사쿠데타로 군부 부패는 말할 수 없을 만큼 만연했잖아요. 다산의 주장이 그 시대에 딱 접목이 되는 거예요. 다산의 지혜를 통해 세상을 변화시키고 나라다운 나라로 만들고 사람다운 사람이 사는 세상으로 만들어보자고 생각했습니다. 다산을 모르는 것도 문제지만 다산을 제대로 알고도 다산에 빠지지 않으면 정상적인 사람이 아니라고 얘기하기도 했습니다.”
- 이번에 출간하는 <다산학을 말하다>는 어떤 책인가요.
“2004년 다산연구소를 설립하면서 곧바로 ‘풀어 쓰는 다산 이야기’를 연재하기 시작했습니다. 처음에는 일주일에 다섯 번을 쓰다가 세 번에서 한 번으로 줄였고, 올해부터는 한 달에 한 번 쓰고 있습니다. 19년 동안 쓰다 보니 어느덧 1200회가 넘었습니다. 그동안 쓴 글을 ‘다산의 마음’과 ‘다산의 생각’으로 분류해서 두 권으로 만들었습니다. 1권인 ‘다산의 마음을 찾아’는 정치·사회적 혼란이 극심했던 시대 상황을 그의 시를 통해 살펴보았습니다. 2권인 ‘다산의 생각을 따라’는 다산학의 정수인 경학 연구와 일표이서(一表二書, <경세유표> <목민심서> <흠흠심서>)에서 제시한 실천 방안을 담았습니다.”
박 이사장은 그때나 지금이나 컴퓨터가 아닌 원고지에 손으로 꾹꾹 눌러 글을 쓴다. ‘풀어 쓰는 다산 이야기’는 지난달 2일로 1209편을 썼다. 200자 원고지 1만장이 넘는 분량이다. 메일링서비스로 이 글을 받아보는 독자가 36만명이 넘는다.
- ‘풀어 쓰는 다산 이야기’는 어떤 대목을 많이 다뤘는지요.
“경서 해석에서 독특한 자기 사상이 있어야 ‘학(學)’을 붙일 수 있습니다. 주자가 경서를 다시 해석해서 주자학을 이뤘듯 다산도 경서를 다시 해석해서 치국에 대한 방법까지도 완성했습니다. 다산은 정치, 경제, 사회, 문화, 건축, 군사, 의학 등 손을 대지 않은 분야가 없을 정도입니다. 또 엄청나게 많은 시를 짓고 문학 저술을 남겼습니다. 다산학은 이러한 다산의 사상과 철학입니다. 다산학 전체를 놓고 내가 오늘날의 현실과 접목시킬 수 있는 내용들을 따다 쓴 것이니 어느 한쪽만 한 것은 아니지요. 우리 현실을 개혁하고 올바른 행동을 하는 데 무슨 역할을 할 것인가라는 관점에서 다산의 글과 사상을 바라본 것이죠. 저는 특히 현실 비판적이어서 <목민심서>를 인용해서 부당한 정치 행위나 행정 행위를 많이 질타했습니다.”
- 아직도 다산에 대해 하고 싶은 얘기가 많은가요.
“지금도 많죠. 다산의 말이 들어가야 하기 때문에 원저를 읽고 공부해야 합니다. 하지만 아무래도 기력이 예전 같지 않아 자주 쓰지는 못하고 있습니다.”
- 다산 철학의 핵심 키워드는 뭔가요.
“공렴(公廉), 즉 공정과 청렴입니다. 다산이 지나가는 말로 한 말이 아닙니다. 다산은 28세에 문과에 급제한 뒤 임금에게 합격증을 받고 집에 돌아와 시를 한 수 썼습니다. 어떻게 공직 생활을 할지에 대해 각오를 밝힌 겁니다. 중요한 대목은 ‘둔졸난충사 공렴원효성(鈍拙難充使 公廉願效誠)’입니다. ‘나는 둔하고 졸렬해서 일을 다 감당할 수 없으나, 공정과 청렴으로 정성을 다하겠다’는 뜻입니다. 다산의 모든 논리는 공렴으로 귀결됩니다. 공직자들이 공정하고 청렴하게 행정을 하고, 나라도 공정하도록 제도를 만들면 세상은 바르게 된다는 것입니다. 다산은 공렴을 각오하고 죽을 때까지 실천했습니다. 다산이 말하는 공정에는 평등, 자유, 인권도 포함됩니다.”
- 다산이 활동하던 정조 때는 조선 왕조 중에서도 안정되고 융성했던 시기가 아닌가요.
“양심적인 학자들이 볼 때는 과거보다는 좋아졌지만 근본적인 문제가 해결이 안 됐기 때문에 마음에 차지 않았어요. 정조가 24년 집권하는 동안 다산 같은 신하들이 있어서 사회가 많이 변혁됐지만, 그렇다고 문제들이 완전히 해결된 게 아니에요. 다산은 저술에서 그런 문제들을 계속 이야기합니다.”
- 초선 김남국 의원이 상임위 중에도 거액의 코인(가상자산) 거래를 해 지탄받고 있습니다.
“공의 정반대가 사(私)입니다. 나는 코인을 잘 모르지만 공직자가 사익을 추구하기 위해 돈 장사를 했다는 것 자체는 옳거나 바른 일은 아닙니다. 돈을 벌었냐 벌지 않았느냐, 많이 벌었냐 적게 벌었냐를 떠나 공이라는 윤리의식이 부족했다고 볼 수 있습니다. 다산의 공렴 정신에 위배되는 것이죠.”
- 지금도 공직자의 도덕성 문제가 끊이지 않는 이유가 무엇이라고 보십니까.
“공렴한 분들도 있지만 대부분 윤리의식이나 공적 의식이 예전에 비해 강화된 것 같지 않습니다. 지금 적당주의로 가는 느낌이 듭니다. 자기들이 잘못하면 큰일 난다는 인식이 부족해요. 그래서 내가 한탄하는 겁니다. 백 번을 말해도 되지 않고 이렇게 엉터리냐고 심경을 나타내면 댓글에 ‘그래도 그렇게 계속 말씀하시니까 조금씩, 더디게라도 변화하고 있습니다’라고 적는 분들이 있습니다. 그러면 이렇게 쓰는 것이 유효한 일이구나 생각해서, (계속 쓸) 용기를 가지게 됩니다.”
- 윤석열 대통령도 공정을 강조합니다.
“윤 대통령의 공정은 입으로 하는 소리입니다. 인사를 보더라도 공정하게 하질 않잖아요. 다산이 말하는 공정은 몸으로 하는 공정, 실천이 담보된 공정입니다. 글자만 같지 같은 공정이 아닙니다.”
- 다산은 외교에 대해 어떤 입장이었습니까.
“다산은 특히 사대주의를 거부합니다. 중국은 대국이고 우리는 소국이어서 무조건 중국을 숭배하고, 중국의 노선을 따라가야 한다는 것에 전적으로 반대하는 시가 있어요. ‘아시조선인 감작조선시(我是朝鮮人 甘作朝鮮詩·나는 바로 조선인이어서 즐거이 조선시를 짓겠다). 다산의 ‘조선시 선언’이라고 하는데, 얼마나 멋진 말입니까. 다산은 사상적으로나 철학적으로 우리가 중국에 굽힐 것이 없다, 지구상에 세계의 중심은 바로 조선이다, 중국을 높여만 볼 것은 아니라고 썼습니다. 다산은 자주국가·독립국가를 지향하면서 사대주의에서 벗어나야 한다는 확실한 논거를 가지고 있었습니다.”
- 다산의 관점에서 윤석열 정부의 외교정책을 어떻게 평가할 수 있을까요.
“미국·일본에 의존해서 우리나라를 유지하겠다는 사고 자체를 다산은 거부하는 거예요. 힘이 없으면 힘을 키우고, 국력이 부족하면 국력을 키운다는 주체적 사고로 국가를 이끌고 가야 한다는 것입니다. 다산은 그러나 수구파들이 청나라를 깔볼 때 청나라의 기술 문명을 배워야 한다고 했습니다. 지금 세밀한 외교를 해야 합니다. 중국을 적대시할 게 아니라 선린 외교를 해야 합니다. 일본과는 특수한 관계인 만큼 민족 정기나 민족혼을 잃지 않는 수준에서 외교가 이뤄져야 합니다. 일본이 사과하고 반성하지 않으면 정상적인 관계를 할 수 없다는 원칙이 서 있어야 합니다. 독립운동을 하다 돌아가신 분들, 일본에 끌려가서 강제 노역한 분들, 위안부들의 아픔을 어떻게 치유할 겁니까.”
- 윤 대통령의 소통 부족에 대한 지적이 많습니다.
“제가 노태우 정권과 김영삼 정부에서 국회의원을 했습니다. 군인 출신 노태우 대통령도 외국에 다녀오면 반드시 김대중 총재를 불러서 설명을 해줬습니다. 그러면 김 총재는 깨알같이 적어와서 의원총회에서 보고를 해줍니다. 김영삼·김종필·노태우가 3당 합당을 해 평화민주당이 왜소한 야당일 때입니다. 그런 정치를 생각하면 지금은 정치도 아닙니다. 윤 대통령은 취임 1년이 넘도록 야당 대표를 만나지 않았는데, 만날 생각이나 계획도 없어 보입니다. 과연 이렇게 정치를 해서 되는 건가 싶습니다. 다산은 정조가 10여명의 신하를 모아 잔치를 베푼 장면을 기록한 ‘부용정시연기(芙蓉亭侍宴記)’를 남겼습니다. 정조는 신하들에게 거나하게 취해서 하고 싶은 말을 다 하라고, 민심을 가감없이 전해달라고 잔치를 베푼 것이지 잡담하고 희롱하라고 베푼 것이 아니라고 했습니다. 정조가 국민의 소리를 들으려고 했던 것을 생각하면 눈물겨워요. 다산은 민생과 국계를 위한 어떤 이야기도 거리낌 없이 할 수 있는 소통이 참다운 소통이라고 말해준 것입니다. 이 정부가 진정한 소통을 위한 소통을 하고 있는지 되돌아봐주기를 바랄 뿐입니다.”
- 다산의 덕목 중에서 일반 시민들이 새겨들을 대목은 어떤 것이 있을까요.
“공정은 관리들에게만 해당하는 것이 아닙니다. 공렴 정신은 일반인에게도 똑같이 적용될 수밖에 없습니다. 민간인들이 공정해야 공직자에게 뇌물을 가져다주지 않겠죠.”
- 다산 연구에서 역점을 두고 싶은 것이 있습니까.
“다산은 역사, 지리, 경제, 사회, 문화 등 다방면에 걸친 만물박사입니다. 레오나르도 다빈치에 견줄 수 있습니다. 다산의 저서는 순한문인데 대부분 한글로 번역이 되기는 했습니다. 앞으로의 과제는 영역(英譯)입니다. 다산은 독일의 괴테와 동시대 인물입니다. 괴테는 전 세계적으로 수백개의 연구소가 있습니다. 다산은 2012년 유네스코의 세계 인물에 등재되기는 했지만 아직 다산을 알려야 할 일이 많습니다. 그걸 국가적으로 해야 하는데 거기까지 관심이 미치지 않는 것 같아 안타깝습니다.” 



            안홍욱 논설위원
           

안홍욱 논설위원 ahn@kyunghyang.com


ⓒ 경향신문 & 경향닷컴(www.khan.co.kr), 무단전재 및 재배포 금지"
잠깐 자리 비운 새 추락사…엄마는 사라진 아들 찾아다녔다,https://v.daum.net/v/XRogy9xvvo,"부모가 잠시 곁을 비운 사이 아이들이 집 창문 밖으로 추락하는 사고가 연이어 발생했다. 
6일 오후 3시 30분쯤 경기 수원시에 있는 빌라 건물 3층에서 A군(2)이 추락해 크게 다쳤다. 
경찰은 안방에서 놀던 A군이 서랍장으로 올라가 창문을 통해 1층 바닥에 떨어진 것으로 보고 있다. 
당시 사고는 A군의 부모가 2~3분가량 곁을 비운 사이 발생한 것으로 알려졌다. A군은 현재 병원에서 치료를 받고 있다. 
전날 오후 7시 20분쯤엔 안양시 한 아파트에서 22층에 거주하던 초등학생 B군(10)이 4층 커뮤니티센터 건물 옥상으로 떨어지는 사고가 발생했다. 
안양만안경찰서에 따르면 B군은 추락 소리를 듣고 그를 발견한 아파트 주민의 신고로 119구급대에 의해 인근 병원으로 옮겨졌으나 이날 오전 4시 48분쯤 숨을 거뒀다. 
B군은 부모가 어린 여동생을 돌보기 위해 잠시 다른 방에 들어간 사이 혼자 추락한 것으로 추정된다. 경찰은 해당 세대 내 설치된 홈캠 등을 통해 B군이 주방에 있는 식탁에 올라가는 모습을 확인했다. 
B군의 어머니는 사건이 발생한 직후 이러한 사실을 모른 채 아이를 찾아다닌 것으로 전해져 안타까움을 더했다. 
경찰은 범죄 혐의점이 없는 것으로 보고 해당 사건을 종결할 방침이다. 
이수민 기자 lee.sumin1@joongang.co.kr


Copyrightⓒ중앙일보 All Rights Reserved."
"젤렌스키, ""새벽 2시50분 내부폭파""…러, ""반격 실패하자""",https://v.daum.net/v/fFxdC7fO2m,"크렘린, ""우크라 반격 실패하자 주의 딴데 돌리려 사보타지""





            [AP/뉴시스] 마사르 테크 제공 위성사진으로 댐이 일부 파괴돼 물이 넘쳐나기 직전인 5일 우크라 드니프로강 카코우카 댐과 발전소 모습
           

[서울=뉴시스] 김재영 기자 = 우크라이나의 볼로디미르 젤렌스키 대통령은 6일 정오(한국시간 오후6시) 조금 지나 아침에 주재한 카코우카 댐 파괴 사건에 관한 국가비상위원회 소식을 텔레그램에 올렸다.
여기서 젤렌스키 대통령은 한밤중인 오전 2시50분(한국시간 오전8시50분)에 러시아 '테러리스트'들이 카코우카 수력발전소 내부에서 폭탄을 터트렸다고 말했다. 80개 마을들이 홍수 범람 위기에 처했다고 덧붙였다.
카코우카 수력발전소는 카코우카 댐과 같이 있으며 발전소와 댐은 드니프로 강 한가운데에 있으나 강 아래, 좌안의 노바 카코우카 시를 점령한 러시아 수중 아래 있다. 
좌안의 러시아 장악 지역 마을들도 홍수 위기에 놓여 있다. 러시아 크렘린은 젤렌스키 메시지 후에 가진 일일 기자회견에서 우크라이나가 반격 작전이 ""흔들리자"" 주의를 딴데로 돌리기 위해 댐을 사보타지했다고 주장했다.
사보타지는 적의 내통자나 비밀 틈입자가 행한 시설 및 지역에 대한 기습 파괴작전을 말한다. 카코우카 댐 구조물이나 발전소 안에서 친 우크라 무장조직이 파괴 활동을 했다는 것으로 몇 시간 전 러시아 고위관리들이 주장한 '우크라의 포격에 의한 파괴'와는 내용이 달라졌다.



            [AP/뉴시스] 우크라 대통령실 제공 비디오 사진으로 6일 카코우카 댐 일부가 무너져 물이 거세게 흘러넘치고 있다
           

우크라의 반격 작전 개시에 대해서는 러시아 국방부가 5일(월) 아침 전날의 우크라군 도네츠크주 남부 대공세 '대실패'를 주장하면서 거론했지만 우크라는 이를 인정하지 않았다. 그러나 5일 미국은 우크라 반격작전이 개시된 것으로 본다는 견해를 나타냈다. 
러시아는 4일 우크라군 공세를 물리치면서 250명을 전사시켰다고 말한 데 이어 6일 아침에 다시 우크라군의 공세를 저지해서 사상자가 1500명 달한다고 발표했다.
☞공감언론 뉴시스 kjy@newsis.com 


ⓒ 공감언론 뉴시스통신사. 무단전재-재배포 금지"
보수정당 첫 '동일노동 동일임금' 발의‥직무급제 초석?,https://v.daum.net/v/tl3rFMg1io,"[뉴스데스크]
◀ 앵커 ▶
보수 정당인 국민의힘에서는 처음으로 '동일노동 동일임금' 법안을 발의했습니다. 
같은 일을 하는 노동자는 같은 임금을 받아야 한다는 건데요.
노동계는 ""명분에는 공감을 하지만, 직무 성과급 제로 가기 위한 출발점일 수 있다""면서 비판적인 입장입니다. 
조희원 기자가 취재했습니다.
◀ 리포트 ▶
국민의힘 김형동 의원이 발의한 근로기준법 개정안입니다. 
지금은 사용자가 국적과 신앙, 사회적 신분을 이유로 근로조건을 차별하지 못하게 돼 있는데, 여기에 '고용형태'를 추가했습니다. 
같은 일을 하면 정규직과 비정규직 구분 없이 같은 임금을 받도록 한다는건데 윤석열 대통령이 후보시절부터 강조해 온 내용이기도 합니다. 
[윤석열 대통령 (2021년 9월 3일)] ""동일 노동에 대한 동일한 보상 이런 식으로 우리도 점점 이제 바꿔 나가야만 현재 비정규직이라든지 중소기업에서 일하는 분들도 양극화에서 벗어나서‥""
하지만 직무에 필요한 기술, 노력 등을 따지더라도, '동일노동'을 규정하는 작업부터 쉽지 않을 것으로 보입니다.
[최종연/일과사람 변호사] ""어떤 근속 연수나 아니면 경험이나 이런 것들을 평가하기가 지금 어렵기도 하거니와‥ 지금까지는 호봉으로 평가해 왔으니까.""
노동계는 문구만 보면 환영할 일이지만, 비정규직 제도를 유지하면서 차별만 금지하면, 결국 전체 임금이 '하향 평준화'될 것이라고 주장했습니다.
호봉제를 폐지하고 직무 성과급제로 가려는 윤석열 정부의 임금 체계 개악 시도라는 겁니다.
[한상진/민주노총 대변인] ""(임금을) 밑에를 끌어올려서 맞추는 방법이 있고 위를 깎아내려서 맞추는 방법이 있는데 지금 정부가 하고 싶은 거는 위를 깎아내려서 맞추고 싶은 거예요.""
법안을 발의한 의원도 기업의 총 임금 부담은 늘지 않을 것이라고 설명했습니다. 
[김형동/국민의힘 의원] ""전체 주는 임금의 양은 변함이 없고, 임금 격차가 많은 것을 폭을 완화해서 줄여주는 것이 이 법의 취지지‥""
민주당이 발의한 동일노동 동일임금 법안이 2년 넘게 상임위 문턱을 넘지 못하고 있는 가운데, 국민의힘도 당 차원의 논의 가능성에 대해서는 일단 선을 그었습니다. 
한국노총이 내일 경사노위 탈퇴를 논의하겠다고 밝히는 등 노정 관계가 연일 악화일로인 상황에서 법안 논의가 쉽지는 않을 것으로 보입니다.
MBC뉴스 조희원입니다.
영상취재 : 김동세 / 영상편집 : 김정은
MBC 뉴스는 24시간 여러분의 제보를 기다립니다. 
▷ 전화 02-784-4000 ▷ 이메일 mbcjebo@mbc.co.kr ▷ 카카오톡 @mbc제보
영상취재 : 김동세 / 영상편집 : 김정은
조희원 기자(joy1@mbc.co.kr)
기사 원문 - https://imnews.imbc.com/replay/2023/nwdesk/article/6490954_36199.html
[저작권자(c) MBC (https://imnews.imbc.com) 무단복제-재배포 금지]


저작권자(c) MBC (www.imnews.com) 무단복제-재배포 금지"
커지는 '깡통전세'·'역전세' 공포‥금융경제 수장들 대책 회의,https://v.daum.net/v/xyHjGfeWib,"[뉴스데스크]
◀ 앵커 ▶
전세 보증금이 집값보다 비싼 이른바 '깡통 전세', 또 세입자에게 전세금의 일부를 돌려줘야 하는 '역전세'가 늘고 있죠. 
자칫 집주인이 당장 내줄 전세금을 구하지 못할 경우, 더 큰 피해가 발생할 수 있는데요.
오늘 금융·경제 수장들이 모여서 대책 마련에 나섰습니다.
김아영 기자가 전해드리겠습니다.
◀ 리포트 ▶
지난 4월 전국의 '깡통전세' 위험가구는 16만 3천 호, 전체 전세 계약의 8.3%입니다.
집값 하락이 본격 시작되기 직전인 2022년 초에는 2.8%였는데 그 사이 약 3배로 늘어난 겁니다.
전세 가격보다 기존 전세보증금이 높은 '역전세'도 2배로 늘었습니다.
깡통전세는 집을 팔아도 내줄 전세 보증금보다 평균 2천만 원이 부족했고, 역전세 가구의 경우 최근 전세가가 기존 전세가보다 평균 7천만 원 정도 낮았습니다.
문제는 올해 하반기에서 내년 상반기 사이에 종료되는 계약이 집중됐다는 겁니다. 
깡통전세는 70%가, 역전세는 60%가 여기에 해당되는데, 새로 세입자를 어렵게 구한다고 해도 떨어진 차액만큼을 마련해야 합니다.
[박원갑/KB국민은행 부동산 수석전문위원] ""계속해서 역전세난이 나타나게 되면 집이 경매로 넘어갈 가능성이 있고, 집주인뿐만 아니라 세입자까지 불행에 빠지는 그런 위험성이 있기 때문에..""
집주인이 돌려주지 못한 전세를 주택보증공사가 대신 지급한 '전세 보증 사고' 금액은 올해 4월까지만 1조 830억 원에 이릅니다.
하지만 보증금 7억 원이 넘는 고가의 전세나 담보대출이 많은 주택은 보증보험의 가입도 어렵습니다.
자칫 아파트 같은 상대적으로 고가 주택에서 강제 경매가 발생할 수도 있는 겁니다.
추경호 경제부총리 등 금융당국 수장 4명은 오늘 비공개 회의를 열어, 전세보증금반환대출의 기준을 한시적으로 완화하는 방안을 논의했습니다.
연간 원리금 상환액이 연 소득의 40%를 넘지 못하도록 규정한 현행 총부채원리금상환비율, DSR을 완화하는 방안이 거론되는데 다만 가계부채의 위험을 고려해 DSR 규제의 큰 틀을 유지한 최종안이 마련될 것으로 보입니다.
MBC뉴스 김아영입니다.
영상편집 : 오유림
MBC 뉴스는 24시간 여러분의 제보를 기다립니다. 
▷ 전화 02-784-4000 ▷ 이메일 mbcjebo@mbc.co.kr ▷ 카카오톡 @mbc제보
영상편집 : 오유림
김아영 기자(aykim@mbc.co.kr)
기사 원문 - https://imnews.imbc.com/replay/2023/nwdesk/article/6490953_36199.html
[저작권자(c) MBC (https://imnews.imbc.com) 무단복제-재배포 금지]


저작권자(c) MBC (www.imnews.com) 무단복제-재배포 금지"
“통보 없이 또 위성 쏜다”는 北...IMO 강력대응 시사,https://v.daum.net/v/4urX4EhVCr,"북한이 앞으로 사전 통보 없이 군사정찰위성을 발사하겠다고 위협하자 국제해사기구(IMO)가 결의문 채택 등 강력 대응에 나서겠다며 경고했다. IMO는 북한이 지난달 31일 첫 정찰위성 발사 직후에도 미사일 발사를 규탄하는 결의문을 처음으로 채택한 바 있다.
미국의소리(VOA) 방송은 나타샤 브라운 IMO 언론정보서비스 담당관이 북한의 사전 통보 의무 이행 거부에 대한 대응과 관련한 서면 답변에서 “IMO는 결의문을 채택하고 회람을 발행하며 IMO 기구의 결정을 내릴 수 있다”고 말했다고 6일 보도했다. 브라운 담당관은 “해상 항해에 대한 모든 위험은 전 세계 세계항행경보제도를 통해 전달되고 경보가 발령되어야 한다”고 재차 강조했다.



            북한 조선중앙통신이 제공한 사진에 지난달 31일 북한 평안북도 동창리의 위성 발사장에서 군사 정찰위성 ‘만리경 1호’를 실은 천리마 1형 로켓이 발사되고 있다. 조선중앙통신 뉴시스
           

북한이 예고 없이 추가 정찰위성을 발사할 경우 결의문 채택 등 강력한 대응 조치가 나올 수 있다는 것으로 해석된다. IMO는 해운·조선 관련 국제 규범을 담당하는 유엔 산하 전문기구로, 북한은 1986년에 가입했다.
앞서 북한은 지난 4일 조선중앙통신에 발표된 김명철 국제문제평론가 명의 글에서 IMO 결의안을 비판하며 “우리의 사전 통보가 더이상 필요없다는 기구의 공식 입장 표명으로 간주하게 될 것”이라고 했다. 북한은 지난달 29일 일본 정부에 ‘31일 0시부터 6월 11일 0시까지 정찰위성을 발사하겠다’고 사전 공지를 한 뒤 31일 실제 발사에 나섰지만 발사체가 서해상으로 낙하하며 실패했다. 이에 IMO가 첫 대북 규탄 결의문을 채택하는 등 국제 사회의 비난이 쏟아지자 북한은 두 번째 발사는 시기를 사전 공지하지 않을 수 있다고 위협한 것이다.
북한이 IMO 결의안을 비판한 것과 관련, 브라운 담당관은 “회원국의 입장이 IMO 이사회에 전달되면 공식적으로 다뤄질 수 있다”고 했다. 또 브라운 담당관은 첫 대북 결의문을 채택한 지난달 31일 회의에서도 북한 측이 IMO를 정치적 기구라고 비난했지만 이에 대한 회원국들의 입장과 반응을 모아 결의문을 발표했다고 설명했다.
서유미 기자
▶ 밀리터리 인사이드 - 저작권자 ⓒ 서울신문사 -


Copyrightsⓒ 서울신문사. 무단 전재 및 재배포 금지"
"[단독] ""1650만원짜리 공짜로""…'성형'하고 질병수술인 척 보험금",https://v.daum.net/v/yBI3QmT6OJ,"[앵커]
          
미용 목적의 수술을 질병 때문에 한 것 처럼 가짜 진단서를 발급해준 강남의 유명 산부인과가 경찰에 적발된 것으로 JTBC 취재 결과 확인됐습니다. 이런 식으로 해서 병원은 60억 원 대 매출을 올렸고, 백 명 넘는 환자들은 가짜 진단서로 실비 보험금을 타냈습니다.
송승환 기자입니다.
[기자]
서울 강남의 한 산부인과입니다.
최근 경찰이 압수수색을 했습니다.
[산부인과 관계자 : 나가주세요.]
허위 진단서를 발급한 혐의 때문입니다.
이 병원에서 수술을 받은 40대 여성이 보험사에 낸 진단서를 확인해봤습니다.
병명은 자궁질탈출, 수술비 등으로 천 6백 50만원이 적혀 있습니다.
이 병원에서 이런 진단서가 계속 발급되는 걸 수상하게 여긴 보험사가 경찰에 수사를 의뢰 했습니다.
[보험업계 관계자 : 고가의 다른 성형수술을 서비스를 해준다는 내용으로 환자를 유인, 알선한 것을 확인했습니다.]
경찰 조사결과, 미용 목적으로 성기수술을 해놓고 질병이 있는 것 처럼 가짜로 만든 것이었습니다.
병원은 수술비를 챙기고 환자는 가짜 진단서로 보험금을 받아 사실상 공짜로 수술을 받는 구조였습니다.
브로커는 환자를 소개시켜주고 병원에서 30% 정도 수수료를 챙겼습니다.
지금까지 이런 식으로 나간 보험금이 67억 원이나 됩니다.
공짜 시술을 받은 환자 130여명도 가짜 진단서를 알고 있었다고 보고 공범으로 입건해 조사하고 있습니다.
(영상디자인 : 정수임 / 영상그래픽 : 이송의)


CopyrightsⓒJTBC, All Rights Reserved."
"잇단 사고에 말 많은 '우울증 갤러리'‥""폐쇄는 안 한다""는 정부",https://v.daum.net/v/fJqyBgwzRQ,"[뉴스데스크]
◀ 앵커 ▶
인터넷 커뮤니티인 '우울증 갤러리'에서 각종 사건 사고가 잇따라 발생하면서, 사회적 우려가 커지고 있죠?
우울증 갤러리를 폐쇄하라는 여론이 높았지만, 정부가 결국 유지하는 쪽으로 결론을 내렸는데요.
공감하고 위안을 주는 목적이 더 크다는 이유였습니다.
그렇다고 이대로 둬도 괜찮은 건지, 조재영 기자가 취재했습니다.
◀ 리포트 ▶
유명 온라인 커뮤니티의 '우울증 갤러리'.
가입절차 없이 아무나 익명으로 글을 쓸 수 있는데, 하루에 6천 개씩 글이 올라옵니다.
'오늘 너무 우울하다', '점점 망가지는 것 같다'는 하소연을 넘어, '모두 잘 있으라'며 뭔가를 암시하는 듯한 말도 합니다.
한성빈(가명) 씨도 5년 전쯤부터 이 사이트를 방문하고 있습니다.
가정폭력에 학교폭력 피해까지 겪으면서 자퇴를 했고, 우울증 갤러리를 찾게 됐습니다. 
[성빈(가명)/'우울증 갤러리' 이용자] ""약간 좀 동질감‥'(나 같은) 이런 사람도 있구나.'""
어쩌다 사이트에서 알게 돼 연락한 사람들도 있었는데, 끝이 좋진 않았습니다.
[성빈(가명)/'우울증 갤러리' 이용자] ""음담패설 글을 올리거나 누가 더 예쁜지 얘기하고 성적인 말을 많이 하고 여자면 다른 쪽으로 이용하시는 분들이 계셔서 무서워서‥""
지난 4월, 10대 학생이 서울 강남 빌딩에서 SNS 방송을 켜둔 채 숨진 사건.
우울증 갤러리에서 만난 남성과 함께 있다가 벌어진 일이었습니다.
이후 어린이날에도 이 사이트에서 만난 10대 두 명이 비슷한 시도를 하다가 한강에서 구조됐습니다.
우울증 갤러리에서 만나 미성년자를 상대로 범죄를 저지른 일명 '신림팸','신대방팸'까지 등장하면서, 사이트를 폐쇄해달라는 요청도 나왔습니다.
그럼에도 방송통신심의위원회는 최근 심의에서, 폐쇄하지 않기로 최종 결론 내렸습니다.
""문제 있는 게시물은 비중이 크지 않다"", ""해당 게시판은 극단적 선택 유도보다는 우울증에 공감하고 위안을 주는 게 목적으로 보인다""는 이유였습니다.
하지만 전문가도 아닌 사이트 이용자들끼리 교감하는 게 어떤 결과로 이어질지, 우려는 여전합니다.
[서청희/경기 화성시 아동청소년건강복지센터장] ""감정에 대해서 쏟아놓는 식으로, 공감하는 것이 아니라 오히려 공격하는 느낌을 받을 수 있어서 악영향을 줄 수 있겠다‥""
온라인 상의 자살 유발정보는 최근 5년간 7배 넘게 폭증했습니다.
1년 신고 건수가 23만 건, 매일 6백 건 이상의 유해 정보가 쏟아지는 셈입니다.
이를 모니터링하는 전담 인력은 턱없이 부족하다는 지적이 잇따르자, 복지부는 다음 주까지 2주 간을 '집중 클리닝' 기간으로 지정하고, ""온 국민이 직접 유해정보를 찾아서 신고해 달라""는 캠페인을 시작했습니다.
MBC뉴스 조재영입니다.
영상취재: 윤병순, 강종수 / 영상편집: 조아라
※ 우울감 등 말하기 어려운 고민이 있거나 주변에 이런 어려움을 겪는 가족·지인이 있을 경우 자살 예방 상담전화 ☎1393, 정신건강 상담전화 ☎1577-0199, 생명의 전화 ☎1588-9191, 청소년 전화 ☎1388, 청소년 모바일 상담 '다 들어줄 개' 어플, 카카오톡 '1388', '다 들어줄 개' 채널 등에서 24시간 전문가의 상담을 받을 수 있습니다.
MBC 뉴스는 24시간 여러분의 제보를 기다립니다. 
▷ 전화 02-784-4000 ▷ 이메일 mbcjebo@mbc.co.kr ▷ 카카오톡 @mbc제보
영상취재: 윤병순, 강종수 / 영상편집: 조아라
조재영 기자(jojae@mbc.co.kr)
기사 원문 - https://imnews.imbc.com/replay/2023/nwdesk/article/6490952_36199.html
[저작권자(c) MBC (https://imnews.imbc.com) 무단복제-재배포 금지]


저작권자(c) MBC (www.imnews.com) 무단복제-재배포 금지"
"'금의환향' 김민재, 나폴리 복귀 안 한다?...맨유 '840억' 바이아웃 지불 의사+나폴리 대체자 물색",https://v.daum.net/v/xT1hUJA0ZU,"사진=스쿼카
           




            사진=세리에A 공식
           





[포포투=오종헌]

훌륭한 시즌을 보낸 김민재가 귀국했다. 새 시즌을 앞두고 나폴리 잔류보다 이적에 무게가 쏠리고 있다.

이탈리아 '칼치오 메르카토'는 5일(한국시간) ""나폴리는 올 시즌 우승 핵심 멤버 한 명에 대한 피할 수 없는 제안을 받았다. 맨체스터 유나이티드는 김민재 측과 회담을 나눴고, 연봉 700만 유로(약 98억 원)의 다년 계약을 제시했다. 또한 그들은 6,000만 유로(약 840억 원)의 방출 허용 조항을 발동시킬 것이다""고 보도했다.

김민재는 지난 시즌을 앞두고 페네르바체에 합류했다. 유럽 진출 첫 시즌이었지만 튀르키예에서 존재감을 뽐냈고, 많은 팀들의 관심을 받았다. 결국 1년 만에 나폴리의 러브콜을 받고 이적하게 됐다. 당시 나폴리는 칼리두 쿨리발리의 대체자를 찾고 있었고, 김민재를 최적의 대안으로 낙점했다.

나폴리의 선택은 틀리지 않았다. 김민재는 이탈리아 무대에서도 빠르게 기량을 입증했다. 곧바로 주전 자리를 꿰찬 뒤 지금까지 꾸준하게 출전하며 나폴리의 수비를 책임졌다. 김민재의 활약에 힘입어 나폴리는 1989-90시즌 이후 33년 만에 세리에A 우승 트로피를 들어올렸다.









또한 김민재는 세리에A 최고의 수비수로 올라섰다. 팀 동료 지오바니 디 로렌초와 AC밀란의 상승세를 이끈 테오 에르난데스와 함께 베스트 수비수 후보 3명에 포함됐다. 그리고 최종 주인공은 김민재가 됐다. 

자연스럽게 김민재의 가치는 폭등했다. 현재 축구 통계 매체 '트랜스퍼마크트' 기준으로 그의 시장 가치는 나폴리 입단 시기에 비해 2배가 오른 5,000만 유로(약 700억 원)다. 아시아축구연맹(AFC) 소속 선수들 중에서 6,000만 유로를 기록 중인 손흥민 다음으로 높은 금액이다. 

이적설도 발생했다. 현재 가장 적극적인 팀은 맨유로 알려졌다. 맨유는 현재 주전 센터백인 리산드로 마르티네스와 라파엘 바란과 경쟁 구도를 이룰 선수를 원하고 있다. 해리 매과이어, 빅터 린델로프 등은 기대 이하의 모습을 보여주고 있고 매과이어의 경우 올여름 떠날 가능성까지 있는 상태다.






아직 합의는 이뤄지지 않았다. 김민재의 계약 안에 포함된 바이아웃이 이적에 결정적으로 작용할 전망이다. 해당 바이아웃은 7월 첫 2주 동안 해외구단 한정으로 유효하며 그 금액은 맨유를 비롯한 잉글랜드 빅클럽들이 충분히 감당 가능한 수준이다. 시즌 종료 후 본격적으로 논의가 이뤄질 것으로 보인다. 

뉴캐슬 유나이티드, 파리 생제르맹(PSG) 등 다른 팀들도 연결됐지만 김민재가 나폴리를 떠난다면 맨유가 유력한 행선지로 남았다. 우선 김민재는 시즌을 마친 뒤 6일 귀국했다. 말 그대로 금의환향이다. 김민재는 입국장에 들어서면서 우승 메달을 목에 걸고, 베스트수비수 트로피를 손에 들고 있었다. 

김민재는 이번 6월 A매치 일정을 소화하지 않는다. 기초 군사훈련을 받아야 하기 때문이다. 훈련을 마친 뒤 2023-24시즌을 준비해야 한다. 그 사이 거취가 확실하게 결정될 것으로 보인다. 나폴리는 김민재가 떠날 경우를 대비해 아탈란타의 19살 신성 지오르지오 스칼비니를 대체자로 고려하고 있다. 








            사진=나폴리
           



오종헌 기자 ojong123@fourfourtwo.co.kr
ⓒ 포포투(http://www.fourfourtwo.co.kr) 무단전재 및 재배포금지



Copyrights ⓒ byutt, 무단 전재 및 재배포 금지]"
댐 폭파에 물바다 된 우크라 남부 마을… 우크라-러시아 서로 “네가 폭파”,https://v.daum.net/v/yGWpTKQSsZ,"러시아 점령지에 대한 우크라이나의 대반격이 사실상 시작됐다는 분석이 나오는 가운데 우크라이나 남부 헤르손 인근 수력발전댐이 붕괴돼 주변 주민들에게 대피령이 내려졌다. 일각에서는 우크라이나의 대반격을 늦추기 위한 러시아의 소행이 아니냐는 관측이 제기됐다. 러시아 일부 지역에서는 ‘딥페이크’ 기술을 활용해 조작된 블라디미르 푸틴 러시아 대통령의 긴급 연설이 방송됐다. 다양한 유형의 싸움이 혼재된 ‘하이브리드 전쟁’의 새로운 양상이라는 분석이 나온다.
           







● 사흘째 교전…댐 붕괴 ‘주민 대피령’ 

 우크라이나 남동부 전선에서 가까운 남부 전략 요충지 헤르손에서는 노바카호우카댐 일부가 6일 오전 폭파돼 헤르손을 포함한 약 80개 지역이 범람 위기에 처했다. 해당 댐을 관리하는 우크라이나 국영 ‘우크르하이드로에네르고’는 “(러시아군이 점령 중인) 댐의 엔진룸이 폭발하며 붕괴됐다”고 밝혔다. 
           
 러시아군이 점령 중인 이 댐은 높이 30m, 길이 3.2km로, 미국 유타주 그레이트솔트호 수준인 물 약 18㎦ 을 담고 있다. 위성사진 등에 따르면 댐의 100m 안판 구간이 무너져 물이 계속 쏟아져 내리고 있다. 우크라이나 당국은 ‘위험 지역’에 거주 중인 약 1만6000명의 시민들에게 대피령을 내리며 “목숨을 구하기 위해 할 수 있는 모든 행동을 취하라”고 당부했다. 
           
 노바카호우카댐은 인근 자포리자 원전의 냉각수를 공급하는 주요 원천이다. 냉각수가 공급되지 않을 경우 원자로에 남은 방사능 원료들이 녹아내릴 가능성도 있다고 미 뉴욕타임스(NYT)는 전했다. 다만 국제원자력기구(IAEA)는 “즉각적 핵 위험은 없을 것”이라고 밝혔다. 
           
 댐 붕괴 소식이 알려지자 우크라이나와 러시아는 서로를 배후로 지목했다. 지난해 말 무렵부터 양국은 상대방이 이 지역 댐을 폭파할 것이라고 경고한 바 있다. 안드리 예르마크 우크라이나 대통령실 비서실장은 “생태학살(ecocide)”이라며 러시아를 규탄했다. 의도적 댐 폭파는 제네바 협약에 전쟁범죄로 분류돼 있다.
           
 사흘 째 이어지는 교전에 러시아와 우크라이나는 각각 교전에서의 승리를 주장하고 있다. 볼로디미르 젤렌스키 대통령은 5일 밤 화상 연설에서 “군이 (최대 격전지인) 바흐무트에서 우리가 기다리던 소식을 가져왔다. 우리 군대에 성공적인 날”이라며 일부 영토를 탈환했다고 밝혔다. 러시아 국방부는 6일 우크라이나 남부 도네츠크주에서 대규모 우크라이나군 공격을 저지했고, 우크라이나 병력의 손실이 1500명 이상이라고 주장했다.
           
 외신들은 우크라이나의 대반격이 사실상 시작됐다고 평가했다. 조 바이든 미 대통령은 5일 백악관에서 “우크라이나 반격이 성공할 것이냐”는 기자들의 질문에 검지와 중지를 교차해 ‘행운을 빈다’는 뜻을 표시했다.
           
● 푸틴 ‘가짜 연설’ 방송…러 “해킹 공격”

 5일 러시아 모스크바타임스에 따르면 우크라이나가 전날 대규모 군사작전을 펼친 남동부 국경과 가까운 러시아 벨고로트, 보로네슈, 로스토프 등에서 푸틴 대통령의 조작된 긴급 연설이 TV와 라디오로 방송됐다. 이 연설에서 푸틴 대통령은 “우크라이나군이 북대서양조약기구(NATO·나토) 주축인 미국의 도움을 받아 벨고로트, 브랸스크, 쿠르스크를 공격했다”며 계엄령과 총동원령을 내렸다. 또한 이 지역 주민들에게 “러시아 영토로 더 깊숙이 대피하라”고 지시했다. 일부 지역에서는 딥페이크로 만든 연설 영상이 함께 송출됐다.
           
 이 연설 소식이 소셜미디어를 통해 알려지면서 혼란이 계속되자 러시아 크렘린궁이 진화에 나섰다. 드미트리 페스코프 크렘린궁 대변인은 “(방송국에 대한) 해킹 공격에 따른 허위 방송”이라고 밝혔다. 크렘린궁은 해킹 배후가 누구인지는 구체적으로 밝히지 않았다. 미 정치전문지 폴리티코는 “우크라이나 진영이 러시아의 전통적 전술인 ‘혼란 퍼뜨리기’를 사용하며 영리한 게임을 이끌고 있다”고 평했다.
          
김수현 기자 newsoo@donga.com


ⓒ 동아일보 & donga.com, 무단 전재 및 재배포 금지"
"고조되는 긴장…중·러, 한반도 목전 군용기 '무력시위'",https://v.daum.net/v/GclTk57AVU,"[박세열 기자(ilys123@pressian.com)]중국과 러시아 군용기가 6일 한국 방공식별구역(KADIZ·카디즈)에 진입했다가 이탈했다고 합동참모본부가 6일 밝혔다. 
합참은 이날 브리핑을 통해 ""오전 11시 52분부터 오후 1시 49분까지 중국 군용기 4대와 러시아 군용기 4대가 남해 및 동해 KADIZ에 순차적으로 진입 후 이탈했으며, 영공 침범은 없었다""고 밝혔다.
합참은 ""우리 군은 중국 및 러시아 군용기가 KADIZ에 진입하기 이전부터 식별했고, 공군 전투기를 투입해 우발상황을 대비한 전술 조치를 실시했다""고 밝혔다. 
중국 국방부는 6일 위챗(微信·중국판 카카오톡) 공식 채널을 통해 ""중국과 러시아가 양국 군의 연간 협력 계획에 근거해 6일 동해와 동중국해 관련 공역에서 제6차 연합 공중 전략 순찰을 실시했다""고 밝혔다. 러시아는 별다른 해명을 하지 않고 있는 것으로 알려졌다. 
카디즈는 영공 개념은 아니고, 한국 영공에 접근하는 군용기를 조기 식별하기 위해 설정한 임의의 선이다. 하지만 통상 훈련이라고 해도 중국과 러시아 군용기가 한국 방공망에 포착될 수 있는 곳까지 접근한 것은 일종의 '무력 시위'라는 분석이 나온다.
최근 윤석열 대통령은 대만 문제에 대해 힘에 의한 현상 변경을 반대한다고 공개적으로 언급해 중국의 반발을 샀다. 우크라이나 측에 무기를 제공할 수 있을 가능성을 역시 공개 언급하며 러시아의 반발을 사기도 했다. 
중국과 러시아의 카디즈 진입은 이같은 배경 속에서 해석될 수 있다. 한반도를 둘러싼 긴장이 고조되고 있는 모양새다. 



            ▲2020년 러시아와 중국의 연합 훈련 영상. 2020년 12월 한국방공식별구역(KADIZ·카디즈)에 진입한 중러 연합 공중 훈련 당시 러시아 수호이(Su) 전투기가 중국 H-6 폭격기를 호위하는 모습. [러시아 국방부 유튜브 캡처] ⓒ연합뉴스
           

[박세열 기자(ilys123@pressian.com)]


Copyrights© Pressian.com 무단전재 및 재배포금지"
[단독] 용산구 예산으로 대통령 집무실 주변 '가로등에 1억',https://v.daum.net/v/7pVriSZdIV,"구청 공무원 10명은 공사 뒤 '대통령 경호처 표창'










[앵커]
          
현 정부가 대통령 집무실을 이사하며 쓴 예산이, 공개된 것 말고도 곳곳에 숨어있단 지적이 있었죠. 저희 JTBC도 정작 용산구민들은 다니지 못하는, 집무실로 이어지는 길을 정비하는 비용도 용산구 예산에서 나갔다고 보도해 드렸는데요. 더 취재를 해보니, 이 길에 가로등을 설치하는 데 쓰인 1억 원도 구 예산에서 나간 걸로 확인됐습니다. 이 공사를 한 뒤 구청 공무원 10명은 대통령 경호처 표창도 받았습니다.
김안수 기자가 취재했습니다.
[기자]
높은 담벼락이 있습니다.
위에는 철조망도 쳐져 있습니다.
서울 이촌역 2번 출구 바로 앞 입니다.
이 뒤로 쭉 가면 대통령 집무실이 나옵니다.
주변 도로는 경호 때문에 모두 통제돼 있습니다.
용산구민을 포함해 일반시민은 이용할 수 없습니다.
그런데 이 길에 용산구청이 1억 천 7백만원을 들여 가로등 22개를 설치한 사실이 취재결과 확인됐습니다.
지난해 5월 국토교통부가 용산구청에 공문을 보내 도로시설물 정비를 요구했기 때문입니다.
이미 집무실 주변 도로 등을 보수하느라 2억 6천만원 쓴 사실도 JTBC 보도로 드러났습니다.
◆ 관련 리포트[단독] 대통령 관저 진입로, 용산구 민원용 예산으로 보수했다→ 기사 바로가기 : https://news.jtbc.co.kr/article/article.aspx?news_id=NB12106244
가로등 설치 비용까지 더하면 용산구청이 쓴 돈은 3억 7천만원이나 됩니다.
국토부는 미군에게 돌려받은 도로를 급하게 정비하기 위해 용산구청과 미리 협의해 돈을 썼다고 밝혔습니다.
이번에 용산구청이 가로등을 설치한 도로의 보수 공사를 맡았던 서울시 공문을 확인해 봤습니다.
정부에 특별교부세를 신청하겠다고 나와 있고 실제 2억원 가량을 이미 돌려받았습니다.
[강태웅/전 서울 행정부시장 : 재정 운영원칙에 맞지 않고, 그만큼 주민 혜택이 줄어들게 됩니다.]
하지만 쓰지 않아도 될 돈을 쓴 용산구청은 아직 돌려받지 못했습니다.
대신 사업이 진행된 지난해 7~9월 사이 도로과·공원녹지과 공무원 10명이 '대통령 경호처'로부터 잇따라 표창을 받은 걸로 확인됐습니다.
용산구의회는 대통령실에 들어간 용산구 예산을 모두 찾아내 돌려달라고 하기로 했습니다.
(영상디자인 : 배장근·김정은)


CopyrightsⓒJTBC, All Rights Reserved."
중국·러시아 군용기 카디즈 진입‥한미일 밀착에 무력 시위?,https://v.daum.net/v/qTaFsp9re5,"[뉴스데스크]
◀ 앵커 ▶
중국과 러시아 군용기들이 오늘 우리 방공 식별 구역에 진입해서, 우리 군이 긴급 대응에 나섰습니다.
최근 한국과 미국 일본의 안보 협력 강화 움직임에 대한 무력시위라는 분석이 나오고 있습니다.
이 소식은 베이징에서 이해인 특파원이 전해드리겠습니다.
◀ 리포트 ▶
오늘 오전 11시52분쯤, 중국 군용기 4대와 러시아 군용기 4대가 우리 측 방공식별구역, 카디즈에 진입했습니다.
이후 오후 1시49분까지 남해와 동해 카디즈를 넘나들었는데 영공을 침범하지는 않았습니다.
방공식별구역은 외국 군용기의 영공 침범에 대응하기 위해 설정하는 것으로, 영공은 아니지만 진입할 경우 해당 국가에 통보하는 것이 관례입니다. 
합동참모본부는 ""우리 군은 카디즈 진입 이전부터 이들 군용기를 식별했고, 공군 전투기를 투입해 우발상황에 대비한 전술조치를 실시했다""고 밝혔습니다. 
우리 측이 진입에 대해 항의하자 중국은 '통상적 훈련'이라고 통보해왔지만, 러시아는 별다른 답이 없었던 것으로 알려졌습니다. 
이와 관련해 중국 국방부는 오늘 ""중국과 러시아가 동해와 동중국해 공역에서 연합 공중 전략 순찰을 실시했다""고 밝혔습니다. 
중국과 러시아는 지난해 5월과 11월에도 연합 훈련을 명목으로 우리 카디즈에 군용기를 진입시킨 바가 있습니다. 
특히 지난 5월의 경우 대중국 안보협의체인 '쿼드' 정상회의가 열렸던 때로, 이번 훈련도 최근 북한의 위성 발사 이후 한미일 안보 협력 강화 움직임에 대한 대응이란 분석도 나옵니다.
지난 4월 한미일 3국이 미국 핵항모까지 투입해 제주 남부해역에서 연합훈련을 했을때도 중국은 서해에서 항의성격의 훈련을 벌인 적이 있습니다. 
지난해 5월 카디즈 진입 당시 중국군은 바로 다음날 훈련 영상을 공개했습니다. 
러시아와의 연합훈련을 대외에 과시하며 사실상 무력시위를 한 것으로 볼 수 있는데, 이번 훈련 장면도 공개될 지 주목됩니다.
베이징에서 MBC뉴스 이해인입니다. 
영상편집: 박정호
MBC 뉴스는 24시간 여러분의 제보를 기다립니다. 
▷ 전화 02-784-4000 ▷ 이메일 mbcjebo@mbc.co.kr ▷ 카카오톡 @mbc제보
영상편집: 박정호
이해인 기자(lowtone@mbc.co.kr)
기사 원문 - https://imnews.imbc.com/replay/2023/nwdesk/article/6490951_36199.html
[저작권자(c) MBC (https://imnews.imbc.com) 무단복제-재배포 금지]


저작권자(c) MBC (www.imnews.com) 무단복제-재배포 금지"
“도전-좌절 끝 이자리에” “돌아온 길 보상받아”…퀸 엘라지베스 주역들 ‘비하인드 더 신’,https://v.daum.net/v/WmvSoytnDt,"4일(현지 시간) 새벽 세계 3대 콩쿠르 중 하나인 퀸 엘리자베스 콩쿠르 1위로 바리톤 김태한(23)이 호명돼 세계인의 주목을 받았습니다. 1988년 이 콩쿠르에 성악 부문이 신설된 뒤 한국은 물론이고 아시아권 남성 성악가로서 첫 우승을 거뒀죠. 벨기에 브뤼셀에서 이날 수상자 발표 직후 무대 뒤에서 만난 주역들이 남긴 말 중에서 기사로 못 쓴 내용을 소개합니다. 말 그대로 ‘비하인드 더 신’. 감격의 순간 이들의 따끈따끈한 말 들어보시죠.
           
● 1위 바리톤 김태한 “여러 번 좌절의 경험”






            4일(현지 시간) 벨기에 브뤼셀에서 열린 퀸 엘리자베스 콩쿠르에서 우승한 바리톤 김태한. 채널A 화면 캡처
           


“바리톤에게는 꿈같은 역할인 피가로 역할을 정말 해보고 싶은데 아직은 저한테 음이 많이 높아요. 그 유명한 아리아에 도전했다가 여러 번 좌절했어요. ‘3년 내에는 도전하지 않겠다’고 생각했죠. 그래도 제가 아직 어리니까, 나이가 좀 차면 할 수 있지 않을까요?” (가장 해보고 싶은 역할로 로시니의 오페라 ‘세비야의 이발사’ 피가로 역할을 꼽으며)
           
“올해 1월 스페인 비냐스 콩쿠르에서 레파토어(repertoire·연주 곡목)를 무리하게 선정해서 2차에서 떨어졌어요. 친한 한예원 누나가 우승을 해서 시상식에서 누나와 조수미 선생님과 사진을 찍고 왔어요. 이번엔 레파토어 선정에 굉장히 공을 들였어요. 최대한 다양한 모습을 보여주려고 했죠. 오랫동안 준비해온 곡으로 선정했습니다.”
           
“(현지 언론 인터뷰에서) 영어로 수퍼스타가 되고 싶다고 했어요. (웃음) 세계를 돌아다니면서 오페라 공연을 하는 수퍼스타요!”
           
● 5위 베이스 정인호 “콩쿠르나 오디션, 8년간 95번째”






            4일(현지 시간) 벨기에 브뤼셀에서 열린 퀸 엘리자베스 콩쿠르에서 5위를 차지한 정인호. 채널A 화면 캡처
           


“원래는 테너로 노래를 시작했는데 바리톤으로 바꿨다가 지금은 베이스예요. 다른 친구들에 비해 돌아왔어요. 학교 진학도 늦었죠. 그래서 마음 속에 조급함이 있었어요. 첫째여서 책임감도 있었죠. 그 동안 이렇게 해온 것에 대해 (오늘 결과로) 위로와 보상을 받는 느낌이라 감사한 마음입니다.”
           
“어제 세어 보니 제가 베이스로 바꾼 2015년부터 콩쿠르나 오디션을 한 게 벌써 95번째더라고요. 항상 도전할 수 있었던 이유는 ‘제가 잘 할 수 있는 걸 하자’는 생각 때문이었습니다. 솔직히 ‘노래를 정말 사랑해서 지금까지 왔다’라고는 말 못하겠어요. 하지만 제가 타고난 달란트를 잘 살려 열심히 사는 게 내 인생의 사명이라 생각하며 임했습니다.”
           
● 심사위원 성악가 조수미 “내 빛 끄려는 사람 멀리하라”






            3일(현지 시간) 벨기에 브뤼셀에서 만난 성악가 조수미. 브뤼셀=조은아 특파원 achim@donga.com
           


“저는 문제가 발생하면 ‘어떻게 헤쳐 나가지’라며 자신을 내던지면서 즐겨요. ‘힘들지만 내가 크게 강해지겠구나’라고 생각하면서요. 그렇게 살다보니 몇 년 전부턴 ‘이게 내 팔자구나’라고 생각합니다. 아주 최근엔 이제 많은 일을 했으니 후배나 내 힘, 도움이 필요한 사람을 도와야겠다고 생각해요. 내가 갔던 길이 많은 한국 분에게 용기가 됐으면 해요.” (오래도록 활약하는 비결에 대한 질문에 답하며)
           
“슬럼프에 잘 빠지진 않지만 (힘들어지면) 슬럼프인가 분석을 차갑게 해요. 학자처럼 써가면서 뭐가 문제인지, 해법은 무엇인지 찾으려고 하죠. 인간관계가 중요해요. 무대에 서는 사람들은 감성적이기 때문에 내가 갖고 있는 열정, 빛이 계속 꺼지지 않아야 하는데, 이 불을 끄려는 사람들은 멀리하는 게 중요하죠.” (슬럼프 극복 방법에 대한 질문에 답하며)
           
“개인적으로 죽기 전엔 멋진 사랑을 한 번 해보고 싶어요. 그러지 않으면 억울할 것 같아요. 그 동안 너무 커리어만 바라보고 왔어요. 문제는 사람들이 나를 무서워해요. 나 되게 착한데. (웃음)” (남은 목표에 대한 질문에 답하며)
           
● 벨기에 공영방송 RTBF PD 티에리 로로 “서울대-한예종 경쟁 보는 재미”






            4일(현지 시간) 벨기에 브뤼셀에서 열린 퀸 엘리자베스 콩쿠르 직후 만난 벨기에 공영방송 RTBF의 티에리 로로 PD. 채널A 화면 캡처
           


“매년 벨기에 퀸엘리자베스 콩쿠르에 경연자들이 신청할 때 서울대, 한국예술종합학교에서 각각 몇 명 왔는지 보는 게 재미예요. 두 학교 간의 경쟁이죠. 올해 1라운드에선 한예종이 7명, 서울대는 4명을 보냈는데 결선에선 서울대에서 2명, 한예종이 1명 올라갔습니다. 매년 달라지는 이 모습을 봐요. 훌륭한 두 학교가 있다니 다행인 일이죠.”
           
“한국 경연자들은 예전엔 노래하는 방식이 비슷했어요. 그런데 노래란 건 주관적으로 표현하는 것이니 스스로 내면에서 뭔가를 꺼내 보여야 해요. 지금은 학생들이 느낌을 더 잘 표현해요. 더 자유로워진 느낌이라고 할까요. 더 큰 정체성, 자아가 있어서 그런 것 같아요.”
           
“클래식 음악은 한국에서 기초적인 교양수업이지요. 부모들이 아이들에게 가르치잖아요. 이건 정말 중요해요. 아이가 전문 연주자가 되지 않아도 클래식 음악은 집중력, 암기력, 상상력, 사회력 등 살아가는 데 도움이 되는 역량을 키워 줍니다. 좋은 사람이 되게 하는 역할을 하죠.”
          
브뤼셀=조은아 특파원 achim@donga.com


ⓒ 동아일보 & donga.com, 무단 전재 및 재배포 금지"
북한 발사체 인양 일주일째…빠른 유속에 ‘난항’,https://v.daum.net/v/BBObW2MT0C,"사진은 '북 주장 우주발사체' 일부로 추정되는 물체. 합동참모본부
           


서해상에 추락한 북한 주장 '우주 발사체'를 인양하기 위한 작전이 빠른 유속에 난항을 겪고 있다. 
          
합동참모본부는 6일 기자단 공지에서 “오늘 북한 주장 우주발사체 동체 일부를 인양하기 위한 수중작업을 진행했다”며 “유속이 빠르고 시계가 좋지 않아 작업에 어려움은 있었다”고 밝혔다.
이어 “인양을 위한 작업에 일부 진전은 있으나 추가 작업이 필요하다”며 “내일 상황에 따라 수중 작업을 재개할 예정”이라고 덧붙였다.
앞서 북한은 지난달 31일 평안북도 동창리에 있는 발사장에서 군사정찰위성 ‘만리경 1호'를 탑재한 우주발사체를 발사했다. 다만 발사체는 1단 분리 후 2단 점화 실패로 전북 군산 어청도 서방 200여㎞ 해상에 추락했다.
군은 북한의 발사 직후 약 1시간 30분 만에 부유물을 발견했다. 이에 부유물이 가라앉지 않도록 노란색 리프트 백(Lift Bag)을 묶어뒀다. 그러나 인양 과정에서 무거운 중량으로 인해 인양 장구에서 이탈해 수심 75ｍ 아래로 가라앉았다.
현재 해역에는 3천500t급 수상함구조함 통영함(ATS-Ⅱ)과 광양함(ATS-Ⅱ), 3천200t급 잠수함구조함(ASR)인 청해진함 외에도 선박 여러 척이 투입돼 인양과 새로운 잔해 수색을 이어가고 있다.
군은 해난구조전대(SSU)를 투입해 발견된 잔해물을 고장력 밧줄로 묶는 작업을 벌이고 있다. 결박이 완료되면 선상으로 끌어올려 평택 해군기지로 옮겨갈 예정이다. 군은 인양이 마무리되면 미국과 공동조사단을 꾸려 조사에 나서기로 했다.
조계원 기자 chokw@kukinews.com


갓 구워낸 바삭바삭한 뉴스 ⓒ 쿠키뉴스(www.kukinews.com), 무단전재 및 재배포금지"
"‘한인 사업가 살해’ 필리핀 경찰, 6년여 만에 1심 무기징역 선고",https://v.daum.net/v/Pfy0IuVsrp,"2016년 필리핀 한인 사업가 지모 씨(당시 53세)를 납치, 살해한 필리핀 전직 경찰과 전직 수사국 요원에게 1심에서 무기징역이 선고됐다. 범인들이 붙잡힌 지 6년 4개월 만이다. 6일(현지 시간) ABS-CBM방송 등 필리핀 언론에 따르면 필리핀 앙헬레스 법원은 이날 전 경찰청 마약단속국(PNP AIDG) 소속 리키 산타 이사벨과 전 국가수사국(NBI) 요원 제리 옴랑에게 각각 이 같은 형을 선고했다. 그러나 당시 마약단속국 팀장으로 이 사건을 기획한 혐의를 받던 라파엘 둠라오는 증거 불충분으로 무죄가 선고됐다. 구체적 범행 동기는 밝혀지지 않았다. 이사벨과 옴랑은 2016년 10월 18일 수도 마닐라 인근 앙헬레스 지 씨 자택에서 지 씨를 납치해 경찰청 마약단속국 주차장으로 데리고 가 교살한 혐의다. 이들은 다음날 지 씨 시신을 전직 경찰 소유 화장장에서 소각했다. 이사벨과 알고 지내던 지 씨는 ‘마약 관련 혐의가 있다’는 협박을 받고 납치된 것으로 알려졌다. 범인들은 같은 달 30일 지 씨 부인에게 몸값 800만 페소(약 1억9300만 원)를 요구해 다음 날 500만 페소(약 1억2000만 원)를 받기도 했다. 당초 필리핀 경찰은 시신 없는 살인 사건으로 수사에 어려움을 겪었다. 이런 가운데 2017년 1월 화장장을 소유한 전직 경찰의 사무실에서 지 씨 소유의 골프채가 발견되면서 수사에 물꼬가 트였고, 이사벨 등 5명이 최종 기소됐다. 그해 5월 1심 재판이 열렸지만 피고인들의 검사 및 판사 기피 신청 등 지연 전략으로 계속 늦춰졌다. 지 씨 살해 사건은 현직 경찰이 저질렀다는 점에서 필리핀 한인사회에 큰 충격을 줬다. 당시 로드리고 두테르테 대통령은 지 씨 부인 최모 씨를 만나 “깊은 유감과 함께 심심한 위로를 전하고 매우 미안하다”며 충분한 배상을 약속하기도 했다.
김수현 기자 newsoo@donga.com


ⓒ 동아일보 & donga.com, 무단 전재 및 재배포 금지"
"중·러 군용기 8대, 韓 방공식별구역 침범…軍 ""전투기 투입""(종합)",https://v.daum.net/v/5GbPFMg1B0,"남해·동해 카디즈 진입 후 이탈…영공 침범은 없어中 ""예정된 훈련""…北 정찰위성 대응에 무력시위한듯





 [서울=뉴시스] 김지은 기자 = 중국과 러시아 군용기 8대가 6일 한국 방공식별구역(KADIZ·카디즈)에 진입했다가 이탈했다.
합동참모본부에 따르면 이날 오전 11시 52분부터 오후 1시49분까지 중국 군용기 4대와 러시아 군용기 4대가 남해 및 동해 카디즈에 순차적으로 진입해 이탈했다. 우리 영공을 침범하지는 않았다.
우리 군은 중·러 군용기가 카디즈에 진입하기 전부터 전투기와 공중급유기를 투입해 우발 상황에 대비한 전술 조치를 했다.
중국과 러시아는 2019년 '연합 공중 전략 순찰'을 처음 시행한 이후 상습적으로 카디즈를 침범하고 있다. 지난해 5월과 11월에도 양국 군용기들이 카디즈에 진입했다가 이탈한 적이 있다.
카디즈는 대한민국 영공 방위를 위해 영공외곽 일정지역에 설정한 공중구역으로, 개별국가의 영토와 영해의 상공으로 구성되는 영공과는 다른 개념이다.
다만 다른 나라 방공식별구역 안에 진입하는 군용 항공기는 해당 국가에 미리 비행계획을 제출하고 진입 시 위치 등을 통보하는 것이 국제적 관행이다.
중국은 우리 측이 진입에 대해 경고하자 '핫라인'을 통해 통상적 훈련이라고 밝혔으나, 러시아는 별다른 통보가 없었던 것으로 전해졌다.
중국 국방부는 이날 ""중국과 러시아가 양국 군의 연간 협력 계획에 근거해 6일 동해와 동중국해 관련 공역에서 제6차 연합 공중 전략 순찰을 실시했다""고 밝혔다.
이번 중·러의 연합훈련은 북한의 정찰위성 발사 시도로 한반도와 동북아의 긴장이 고조된 상황에서 이뤄졌다. 표면적으로는 통상적인 훈련이지만 북한과의 전략 공조를 강화하는 중·러가 한·미·일의 안보 협력 및 정찰위성 대응에 반발해 무력시위를 벌인 것으로 해석된다.
☞공감언론 뉴시스 kje1321@newsis.com 


ⓒ 공감언론 뉴시스통신사. 무단전재-재배포 금지"
"""사이드미러"" 안 접힌 차량‥10대 범죄 표적",https://v.daum.net/v/Wl9nBgwznC,"[뉴스데스크]
◀ 앵커 ▶
최근 주차장에 주차해둔 차량에서 현금이나 물건을 도난당하는 사건이 자주 발생하고 있는데요.
사이드미러를 접지 않고 주차해둔 차량들이 범행의 표적이 되고 있습니다.
안준호 기자가 취재했습니다.
◀ 리포트 ▶
10대 청소년들이 주차된 차량 주위를 어슬렁거리고 있습니다. 
잠시 뒤 한 청소년이 차량 문을 열고 무언가 들고 나옵니다.
차 안에서 있던 담배와 라이터였습니다.
[임관옥/목포시 CCTV 관제센터 직원] ""계속 추적 관찰하던 중에 차량 내부에 진입하는 것을 확인하고 경찰에 신고했습니다.""
차량털이가 일어났던 현장에 다시 가 봤습니다.
낮시간인데도 사이드미러가 접히지 않은 차량들이 눈에 쉽게 띕니다.
이 같은 차량은 문이 잠겨 있지 않을 가능성이 커 절도범들의 표적이 되고 있습니다.
인적이 드문 저녁이나 새벽 시간대는 차량털이를 당할 위험이 더 큽니다.
공영주차장에 주차된 20대가량의 차량 가운데 5대는 사이드미러가 접혀있지 않습니다.
[차량 운전자] ""(사이드미러 안 접는 경우가) 많죠. 잠갔다고 생각했는데 또 안 보고.""
[최정훈/목포경찰서 여성청소년계] ""(차량 주차 시) 사이드미러가 접혀 있는지 시정 장치를 꼭 하시고, 차량 내에는 귀중품이나 표적이 될 수 있는 물건을 안 놔두셨으면‥""
경찰은 CCTV가 없고 차량이 많이 주차된 공터를 중심으로 야간 순찰활동을 강화하기로 했습니다.
MBC뉴스 안준호입니다.
영상취재: 홍경석 (목포)
MBC 뉴스는 24시간 여러분의 제보를 기다립니다. 
▷ 전화 02-784-4000 ▷ 이메일 mbcjebo@mbc.co.kr ▷ 카카오톡 @mbc제보
영상취재: 홍경석 (목포)
기사 원문 - https://imnews.imbc.com/replay/2023/nwdesk/article/6490949_36199.html
[저작권자(c) MBC (https://imnews.imbc.com) 무단복제-재배포 금지]


저작권자(c) MBC (www.imnews.com) 무단복제-재배포 금지"
"""빵 때문에 이가 부러져?""‥상습적 범행 벌인  악성 민원인",https://v.daum.net/v/YKNSoytnMf,"[뉴스데스크]
◀ 앵커 ▶
빵에서 이물질이 나왔다면서 빵집 주인들을 협박해서 보상금 천만 원을 뜯어낸 50대 남성이 경찰에 붙잡혔습니다. 
남성은 주로 농협 마트에 입점해 있는 빵집을 노렸는데, 농협과의 계약에 불이익이 있을까 걱정하는 주인들의 심리를 이용했습니다.
전재웅 기자가 전해드리겠습니다
◀ 리포트 ▶
무주의 한 하나로마트에 입점한 제과점.
60대 남성이 이곳저곳 둘러보며 먹을 빵을 고릅니다. 
빵을 몇 개 사 간 남성, 하지만 얼마 뒤 빵에서 이물질이 나왔다며 민원을 제기했습니다.
그런데 보상을 요구한 남성이 먼저 찾은 곳은 빵집이 아닌 군청이었습니다. 
[무주군청 관계자] ""빵을 배고파서 먹었더니 금속성의 뭔 그것이 이제 씹혀가지고 이가 많이 아프다, 그렇게 말씀하시면서 화부터 내셨어요.""
몇 달간의 조사로 빵 제조 과정에서는 금속 물질이 들어가기 힘들다는 결과가 나오자, 남성은 하나로마트에 전화를 걸어 합의를 하자며 금전을 요구하고 업주를 압박했습니다.
[빵집 사장] ""처음에 만났는데 조합장님하고 점장님 전화번호를 먼저 물어봐요‥ 단지 저하고 마트하고 관계가 있기 때문에 빨리 해결을 해야 일이 조용해지니까‥""
결국 빵집 사장은 배상금으로 230만 원, 보험금까지 합해 300만 원을 건넬 수밖에 없었습니다.
그러나 빵 속의 이물질 때문에 다쳤다는 협박은 한 번만이 아니었습니다.
경찰 수사 결과 이 남성은 무주뿐 아니라 경남 진주, 창녕 등지에서도 같은 방식으로 범행을 벌인 것으로 밝혀졌습니다.
이렇게 돈을 뜯긴 업체는 하나로마트 입점 빵집 4곳을 비롯해 음식점 등 모두 13곳, 뜯긴 금액은 천백만 원에 달했습니다.
경찰은 남성이 쉽게 합의에 나설 수밖에 없는 농축협에 입점한 빵집만을 골라 협박한 것으로 보고 사기, 공갈 등 혐의로 구속해 여죄를 밝히는 등 수사를 이어갈 계획입니다. 
MBC뉴스 전재웅입니다.
영상취재 : 함대영(전주)
MBC 뉴스는 24시간 여러분의 제보를 기다립니다. 
▷ 전화 02-784-4000 ▷ 이메일 mbcjebo@mbc.co.kr ▷ 카카오톡 @mbc제보
영상취재 : 함대영(전주)
기사 원문 - https://imnews.imbc.com/replay/2023/nwdesk/article/6490948_36199.html
[저작권자(c) MBC (https://imnews.imbc.com) 무단복제-재배포 금지]


저작권자(c) MBC (www.imnews.com) 무단복제-재배포 금지"
"[단독] ""분리 수거 다녀오다가""‥아파트 단지 '묻지마 폭행' 가해자 구속",https://v.daum.net/v/xpItm0KwMv,"[뉴스데스크]
◀ 앵커 ▶
한밤 중에 쓰레기를 버리러 잠시 집을 나섰던 20대 여성이 아파트 단지 내에서 이른바 '묻지마 폭행'을 당하는 일이 벌어졌습니다.
순식간에 달아난 40대 가해자를 이웃 주민이 끈질기게 추격해서 붙잡았는데요.
조금 전 법원이 구속 영장을 발부했습니다.
송재원 기자가 단독 취재했습니다
◀ 리포트 ▶
어두컴컴한 새벽, 경기 군포시의 한 아파트.
계단을 오르던 여성에게 흰 옷을 입은 남성이 다가가더니, 다짜고짜 얼굴을 향해 주먹을 휘두릅니다.
놀란 여성이 몸을 웅크리지만, 남성은 발길질까지 서슴지 않습니다.
약 10초간 폭행을 이어가던 남성은 곧바로 달아났습니다.
[아파트 경비원] ""여기서 재활용 분리 수거를 버리고 이렇게 들어가는 찰나에 이놈이 여기로 와서 막 주먹으로 양손으로 때리고 도망을 가는 거예요.""
달아난 남성을 붙잡은 건 이웃 주민이었습니다.
아파트 계단에서 전화 통화를 하다 비명 소리를 듣고 뛰어나온 겁니다.
[박상준/범인 붙잡은 주민] ""인상 착의가 어떻게 되냐라고 물어봤고, 하얀 색깔 옷을 입고 있다고 얘기를 했습니다. 상가 쪽 밑으로 도망가고 있는 모습이 보여서 계속 달려가게 됐습니다."" 
폭행 후 달아난 남성은 아파트와 200미터 정도 떨어진 이곳 병원 사거리에서 붙잡혔습니다.
주민과의 격투 끝에 경찰에 넘겨진 가해자는 인근에 사는 40대 남성이었습니다.
경찰 조사에서 남성은 ""밤에 잠이 안 와 밖에 나왔는데, 피해 여성이 내게 욕을 하는 것 같아 때렸다""고 진술했습니다.
그는 범행 5시간 전인 그제 저녁에도 근처 편의점에서 손님을 책으로 폭행하고 달아났던 것으로 밝혀졌습니다.
[주민] ""지금 여기 동네 주민분들이 '너무 무섭다' 이런 이야기들을 사실 되게 많이들 하고 계시네요.""
법원은 조금 전 가해 남성의 구속영장을 발부했습니다.
MBC뉴스 송재원입니다. 
영상취재: 한지은 / 영상편집: 권나연
MBC 뉴스는 24시간 여러분의 제보를 기다립니다. 
▷ 전화 02-784-4000 ▷ 이메일 mbcjebo@mbc.co.kr ▷ 카카오톡 @mbc제보
영상취재: 한지은 / 영상편집: 권나연
송재원 기자(jwon@mbc.co.kr)
기사 원문 - https://imnews.imbc.com/replay/2023/nwdesk/article/6490947_36199.html
[저작권자(c) MBC (https://imnews.imbc.com) 무단복제-재배포 금지]


저작권자(c) MBC (www.imnews.com) 무단복제-재배포 금지"
"""오염수 섞지 않고 윗물만 채취"" 일본 국회서 문제 제기",https://v.daum.net/v/2l7u2AOKmK,"[앵커]
          
한편, 국제원자력기구 IAEA가 최근 발표한 보고서에 대해서도 일본 국회에서 여러 비판이 잇따랐습니다. 오염수 시료를 채취하는 절차를 놓고 IAEA는 적절했다고 봤지만, 이 절차가 제대로 안 됐다는 지적이 정작 일본 내부에서 제기된 겁니다. 일본 야당과 원전을 관리하는 도쿄전력 사이의 화상회의 장면을 저희가 입수했습니다.
박상욱 기자입니다.
[기자]
후쿠시마 오염수를 정화하는 알프스와 이를 거친 오염수가 담긴 탱크입니다.
IAEA는 여기서 채취한 오염수 시료를 한국과 유럽에 보내 검증을 맡겼고, 시료 채취 절차와 핵종 분석 방법 등이 매우 믿을만 하다고 발표했습니다.
그런데 최근 일본 국회에서 오염수 시료 채취 방법에 문제가 있다는 지적이 나왔습니다.
지난 1일, 원전제로 의원 모임과 도쿄전력이 화상회의를 열었습니다.
도쿄전력은, 시료를 채취할 때 탱크 속 오염수를 고루 섞는 '교반' 작업 없이 윗부분의 오염수만 떠냈다고 했습니다.
[스즈키/도쿄전력 관계자 : 교반(휘저어 섞음)은 하지 않았습니다. 탱크 뚜껑을 열고, 샘플링 기계 등을 집어넣어 채취하고 있습니다.]
이렇게 되면, 탱크 아래에 모인 일부 방사성 물질은 제대로 채취되지 않아 측정된 농도가 달라질 수도 있습니다.
일본 의원도 이를 지적했습니다.
[아베 도모코/일본 입헌민주당 중의원 : 교반 설비가 없어서 지금처럼 섞지 않고 있고 그러면 정작 방출할 때 결과적으로 다른 결과값이 나오리라 충분히 생각할 수 있지 않나요.]
[스즈키/도쿄전력 관계자 : 그럴 가능성을 부정할 수 없죠. 전혀 없다고는 말씀드릴 수 없습니다.]
이를 두고 복수의 전문가들은 ""샘플 채취는 시료의 균질성이 관건""이라며 ""교반 작업 없이는 대표성이 떨어질 수밖에 없다""고 지적했습니다.
[양이원영/더불어민주당 의원 : 직접 독립적이고 객관적인, 그런 시료 채취의 필요성이 중요해졌다고 생각할 수 있습니다.]
정부가 샘플 채취 과정과 이에 대한 신뢰성을 추가로 검증해야 한다는 목소리가 높습니다.
(화면제공 : 더불어민주당 양이원영 의원실)(영상디자인 : 조성혜)


CopyrightsⓒJTBC, All Rights Reserved."
지역별 노동권 편차 ‘하늘과 땅’ ‘김동연표 기회경기’ 노동존중 말로만 [집중취재],https://v.daum.net/v/YDzfRIYxhF,"노동협업 사업 시군 참여 10곳 뿐... 金 지사 취임 후 재정지원 등 되레 감소예산규모 성남·구리 최대 33배 차이... 道 “가점 부여 등 참여 방안 노력 중”





            김동연 경기도지사가 당선 전부터 ‘일하는 모든 사람이 행복한 노동 존중의 경기도’를 공언해왔지만, 취임 1년을 바라보는 현재까지도 지역별 노동권 편차는 천차만별인 것으로 드러났다. 사진은 해당 기사와 직접적인 연관 없음. 이미지투데이
           

   
김동연 경기도지사가 당선 전부터 ‘일하는 모든 사람이 행복한 노동 존중의 경기도’를 공언해 왔지만, 취임 1년을 바라보는 현재까지도 지역별 노동권 편차는 천차만별인 것으로 드러났다. 
노동정책에 대한 지역별 조직·예산 불균형을 해소하고자 마련한 ‘지역참여형 노동협업 사업’의 시·군 참여도가 되레 줄며 손가락에 꼽히는 상황에 이르렀기 때문이다. 
6일 도에 따르면 올해 ‘지역참여형 노동협업 사업’에 참여한 일선 시·군은 10곳(선정 9곳)에 불과하다. 구체적으로 수원·용인특례시, 화성·부천·안산·안양·김포·파주·오산·광명시다. 총사업비 자체는 올해 3억원(도비 50%, 시·군비 50%)으로 지난해 2억5천만원(도비 100%) 대비 늘었지만, 이 가운데 도비 지원은 1억원 감소했다. 
지난해 12개 시·군이 참여(선정 10곳)한 것을 감안하면, 김 지사 취임 이후 참여도와 지원 규모 모두 줄어든 셈이다. 
해당 사업은 행정·재정적 여건이 미흡한 시·군도 도비 지원을 통해 노동자 권익보호를 위한 다양한 사업을 발굴할 수 있도록 도가 지난 2020년부터 시행해 왔다. ‘노동자 휴게시설 개선’, ‘아파트 노동자 노동인권보호 상생협약’ 등이 이에 해당한다. 
하지만 도비 지원이 줄면서 당초 취지와 달리 자칫 지역 간 조직·예산 격차가 더욱 커질 수 있다는 지적이 이어진다. 재정적 부담을 느낀 시·군이 참여를 기피하면 지역 특색에 맞는 노동 정책의 발굴이 어려워져 일방향적 추진방식에서 벗어날 수 없을 뿐더러, 그 피해는 결국 지역 내 노동자들에게 돌아갈 것이라는 주장이 나올 수밖에 없다. 이를 보완할 도 차원의 유인책이 시급한 이유다. 
실제 도내 일선 시·군 가운데 노동 관련 ‘과 단위 전담부서’가 있는 곳은 수원특례시, 성남·안산·안양시 4곳(13%)에 그쳤다. ‘팀 단위 부서’가 있는 곳도 10곳(32%)에 불과, 이마저 노동 관련 업무를 경제나 산업정책의 하위 영역으로 보고 병행하는 경우가 대다수다. 도가 파악한 노동 관련 ‘예산 규모’ 역시 지난해 기준 성남시 약 33억원과 구리시 약 9천만원 등 큰 격차를 보였다. 다만 예산의 경우 장기간이 소요되는 복지관 설립과 같이 당해 연도 완료가 불가한 사업은 제외한 수치다. 
지난 2019년 전국 광역자치단체 중 최초로 노동국을 신설, 지역별 노동권 격차를 줄이고자 이 같은 사업으로 대응해온 도가 정작 현장 밀착형 사업을 수행해야 할 시·군의 참여는 이끌어내지 못하는 갈지자 행보를 보이는 모습이다. 
도 관계자는 “시·군의 주체성을 높이기 위해 100%였던 도비 지원율을 올해부터 50%로 변경했다. 이에 재정적 부담을 느낀 곳이 있는 것 같다”며 “노동 전담조직이 있는 시·군 등에 가점을 제공해 참여도를 높일 대안을 추진하겠다”고 설명했다. 
손사라 기자 sarah@kyeonggi.com"
"'암 투병' 안나, 건강해진 모습으로 찾은 남편 박주호 은퇴식[현장뷰]",https://v.daum.net/v/K8iQnv5JUn,"(엑스포츠뉴스 수원, 박지영 기자) 6일 오후 수원종합운동장에서 열린 '하나원큐 K리그1 2023' 수원FC와 울산 현대의 경기, 울산 현대가 수원FC 상대로 3:1의 스코어로 승리했다.
이날 수원FC 박주호의 은퇴식이 진행된 가운데 그의 아내 안나가 경기장을 찾아 눈길을 끌었다.
박주호와 안나는 2010년 결혼해 슬하에 딸 나은 양, 아들 건후 군과 진우 군을 두고 있다. KBS 2TV '슈퍼맨이 돌아왔다'에서 '찐건나블리'가족으로 출연하며 많은 사랑을 받아왔다.



지난해 11월 안나는 암 투병 사실을 고백한 바 있다. 
당시 안나는 ""방사선 치료는 차치하더라도, 정신을 바짝 차려야겠다. 저를 계속 살아가게 하기 위해 열심히 일해 온 모든 분들을 실망시키고 싶지 않다. 만약 당신이나 사랑하는 사람이 이상한 세포(암세포)와 싸우고 있다면, 저는 여러분에게 사랑과 좋은 에너지를 보낸다""라고 전했다.
같은해 'KBS 연예대상'에서 베스트 엔터테이너상을 수상한 박주호는 ""올 한해 엄청 힘들었었다. 긍정적인 생각으로 아픈 것 잘 참고 이겨내 준 아내 안나 씨에게도 이 자리를 빌려서 한 번 더 감사하다고 말해주고 싶다""고 암 투병 중인 아내를 향해 응원의 메시지를 보내기도 했다.



지난달 26일 박주호가 현역 은퇴를 발표하자 아내의 건강 악화로 인한 결정이라는 이야기가 돌기도 했다. 
이에 박주호는 유튜브 채널 '캡틴 파추호'를 통해 ""갑작스러운 은퇴 소식에 많이 놀라셨을 것 같다. 항간에는 아내 건강 악화로 은퇴한다는 이야기가 돌고 있는데 전혀 그렇지 않다. 아내는 이제 많이 호전된 상태다. 아무 문제 없이 건강한 상태로 잘 지내고 있다""고 전했다. 
그는 ""체력적으로는 1, 2년 더 할 수 있을지언정 그래도 최대한 좋은 모습을 보여줄 수 있을 때 떠나는 게 맞는 거라고 생각했다""면서 선수로서 최고의 모습일 때 떠나고 싶다는 은퇴 이유를 밝혔다. 









박지영 기자 jypark@xportsnews.com 


저작권자 ⓒ 엑스포츠뉴스 (xportsnews.com)"
"[전문] '후회 없이 은퇴하는 슈퍼맨' 박주호 ""나은이가 이제 돈은 어떻게 버냐고 하더라""",https://v.daum.net/v/9oTEC7fOhT,"박주호(수원FC). 서형권 기자
           


[풋볼리스트=수원] 조효종 기자= 박주호가 선수 생활을 마무리하는 소감을 전했다.

6일 수원종합운동장에서 하나원큐 K리그1 2023 17라운드를 치른 수원FC가 울산에 1-3으로 패했다. 전반 윤빛가람이 선제골을 터뜨렸으나 후반 마틴 아담, 주민규, 바코에게 연속골을 내줬다.

이날 경기는 박주호의 은퇴 경기였다. 일본, 유럽 무대를 거쳐 2018시즌 K리그 무대에 입성한 박주호는 울산현대에서 3시즌간 활약한 데 이어 2021시즌부터 수원FC 유니폼을 입었다. 두 시즌 동안 베테랑으로서 수원FC의 K리그1 안착을 성공적으로 이끈 뒤 3번째 시즌 중반 은퇴를 선언했다. K리그 통산 기록은 127경기 3도움이다.

경기 전 수원FC 구단주인 이재준 수원특례시장과 수원FC 서포터즈의 감사패 수여, 가족들의 꽃다발 전달 등 은퇴 행사가 진행됐다. 박주호의 전현 소속팀인 수원FC와 울산의 팬들은 박주호의 이름을 연호하며 박수를 보냈다. 행사에 이어 선발로 그라운드를 누빈 박주호는 90분을 소화한 뒤 후반 추가시간 최보경과 교체되며 선수로서 치르는 마지막 경기를 마무리했다.

경기 종료 후 박주호의 은퇴 기자회견이 열렸다. 박주호는 ""프로 생활 최선을 다해서 마무리했다고 생각한다""며 ""선수 때는 6, 70점을 줬는데, 오늘만큼은 후회 없이 마무리했다는 생각으로 100점을 주고 싶다""고 자신의 선수 생활을 평가했다.

박주호의 갑작스런 은퇴 선언에 동료들도 아쉬워했다. 박주호는 동료 선수들의 반응에 대해 묻자 ""선수들이 좀 쉬다가 6개월 후에 (조)원희 형처럼 복귀하면 된다고 농담을 했다. 은퇴했다고 생각하지 않겠다고 하더라""라고 답했다.

아이들도 더 이상 아빠의 경기를 볼 수 없는 것을 아쉬워했지만 함께 보낼 수 있는 시간이 많아질 거라는 이야기를 듣고는 금방 기뻐했다. 박주호는 ""나은이와 건후에게 이야기했을 때, 고생했다고 안아줬다. 나은이는 슬퍼하다 '그러면 아빠는 이제 돈을 어떻게 버냐'는 이야기를 하더라. 다른 일 열심히 하겠다고 하니 요리는 하지 말라고 했다. 건후는 요즘 축구에 빠져서 왜 그만두냐고 칭얼거렸는데, 그 대신 같이 축구를 더 자주 할 수 있다고 하니 좋아했다""며 웃었다.





            박건후, 박주호, 박나은(왼쪽부터). 서형권 기자
           


다음은 박주호 은퇴 기자회견 전문

- 은퇴 소감

시즌 도중에 은퇴를 결정하는 것이 쉽진 않았지만 최선을 다한 만큼 후회는 없다. 오늘 결과까지 가져왔으면 좋았겠지만 강팀 울산을 상대로 최선을 다했다. 프로 생활 최선을 다해서 마무리했다고 생각한다.

- 은퇴를 결심한 배경

작년부터 은퇴 생각을 계속 해왔다. 몸이 조금 더 좋을 때, 경기에 나설 때 운동장 안에서 은퇴를 하고 싶었다. 작년엔 아내가 몸이 좋지 않았다. 그때 은퇴하면 와이프 일로 은퇴하는 것처럼 비쳐질 것 같아서 싫었다. 올 시즌을 뛰면서 버겁다는 생각이 들었고 최종적으로 은퇴를 결정하게 됐다.

- 본인은 어떤 선수였는지

항상 스타일이 바뀌는 선수였다. 그래서 많은 감독님들이 여러 포지션에서 기용해 주셨던 것 같다. 항상 팀에 맞춰서 주어진 상황에 맞춰서 최선을 다하는 선수였다.

- 자신의 축구 인생에 점수를 준다면

목표했던 걸 계속 이뤄나갔고 도전했다. 후회하지 않는 성격이다. 선수 때는 6, 70점을 줬는데, 오늘만큼은 후회 없이 마무리했다는 생각으로 100점을 주고 싶다.

- 최근 팀 순위 싸움이 어려운 상황에서 은퇴를 결심하는 게 쉽진 않았을 것 같은데

은퇴 의사를 전했던 시기에는 팀이 4경기째 지지 않고 있었고 5위 정도에 있을 때였다. 내가 빠져도 충분히 할 수 있을 거란 생각이 들었다. 스타일은 다르지만 여름에 (이)영재도 전역하고, 이적시장에서 보강도 할 수 있다. 그래서 감독님께 의사를 전달했다. 이후 팀이 조금 어려워졌지만 이겨나갈 수 있을 것이다.

- 선수 생활을 하면서 가장 행복했던 순간과 아쉬웠던 순간을 3가지씩 꼽아본다면?

K리그 온 이후로 행복했던 순간이 많다. 울산에서 아시아 챔피언스리그 우승했을 때, 재작년 많은 골을 넣으면서 파이널A에 올라갔던 때, 그리고 오늘도 행복한 순간 중 하나다. 안 좋은 기억은 2019년 울산 시절 마지막 경기에서 준우승 했을 때다. 마음이 아픈 순간이었다. 그 외에는 더 떠오르는 순간은 없다.

- 수원FC에서 가장 기억에 남는 경기는?

한동안 이기지 못했던 상대를 이겼던 경기들이 기억에 남는다. 수원FC에서 울산에 처음 이겼을 때가 기억난다. 그 이후 지금까지 승리가 없다. 포항을 상대로도 한번도 이기지 못하다가 작년에 2-1로 이긴 경기가 있다. 서울전 4-3 승리도 기억에 남는다.





            박주호(수원FC). 서형권 기자
           


- 은퇴를 결심하기 전 조언을 구한 동료들이 있을지

동료들에겐 미리 이야기하지 않았다. 마지막 결정을 하고 나서 친구 (이)용이에게만 이야기했다. 선수들이 동요할 수도 있어서 선수들에게는 전북현대전까지도 말을 하지 않고 시합을 준비했다. 소문이 돌고 있다는 이야기를 들어서 선수들이 기사로 접하게 하는 것보다 직접 전달하는 게 좋겠다고 생각해 전북전 끝나고 말했다. 결정 전에는 가족들, 회사와 이야기를 나눴는데, 내 의지가 가장 중요했다.

- 팀 동료들 반응은 어땠는지

선수들은 계속 만류했다. 선수들이 날 소중하게 생각해 줬던 것에 고마웠지만 미안하다고 이야기했다. 그러니 선수들이 좀 쉬다가 6개월 후에 (조)원희 형처럼 복귀하면 된다고 농담을 했다. 은퇴했다고 생각하지 않겠다고 하더라.

- 오늘 경기 후 전 소속팀인 울산 선수들과도 대화를 나눴을 것 같은데

정말 고생했다. 남의 일 같지 않다고 감정 이입을 해줬다. 고마웠다. 경기 후에도 행사가 있어서 경기장에선 많은 이야기를 하지 못했지만 경기 전날 이청용, 박용우 선수처럼 같이 했던 동료들이 연락 와서 대화를 나눴다.

- 은퇴 발표 후 J리그에서도 고생했다는 메시지를 전하기도 했는데

미토홀리호크에도 걸개가 걸렸다는 이야기를 들었다. 일본에 있는 친구도 은퇴 소식을 들었다고 연락이 왔다. 가가와 신지였다. 그 선수도 나이가 나와 비슷해서 언제 은퇴를 해야 할지 고민하는 때라 공감대가 있었다. 2022 카타르 월드컵 때 대표팀 코치셨던 세르지우 (코스타) 코치님도 연락이 와서 '축하하고 고마웠다. 좋은 기억이 많은 선수였다'는 이야기를 해주셨다. 아직 다 확인하진 못했지만 동료들에게 많은 메시지를 받았다. 추후에 이야기를 나누려고 한다.

- 은퇴를 하고 가족들과 더 시간을 보내겠다고 했는데

선수 생활을 할 때도 항상 가족들과 있었지만 훈련을 가거나 경기가 있으면 본의 아니게 집을 비워야 했다. 그런 점에 미안함이 있었다. 이제 조금 더 가족들과 많은 시간을 보낼 수 있을 것 같다.

- 아이들의 반응은 어땠는지

나은이와 건후에게 이야기했을 때, 고생했다고 안아줬다. 나은이는 슬퍼하다 '그러면 아빠는 이제 돈을 어떻게 버냐'는 이야기를 하더라(웃음). 다른 일 열심히 하겠다고 하니 요리는 하지 말라고 했다. 건후는 요즘 축구에 빠져서 왜 그만두냐고 칭얼거렸는데, 그 대신 같이 축구를 더 자주 할 수 있다고 하니 좋아했다.

향후 계획은?

우선 정리를 좀 해야 할 것 같다. 확실히 정해진 건 없다. 6월은 가족들과 시간을 보내면서 일정을 정리하고 어떤 일을 할 수 있을지 고민해 보려고 한다.





            박주호(수원FC). 서형권 기자
           


사진= 풋볼리스트



""축구가 있는 삶"" : copyrightⓒ풋볼리스트"
"하루 7명 사망하는 '인도 열차'‥""목숨 걸고 출근""",https://v.daum.net/v/HAwWtxo5LP,"[뉴스데스크]
◀ 앵커 ▶
낡은 열차에 승객들이 다닥다닥 매달린 채 달리는 모습. 
인도의 이런 열악한 철도는 오래전부터 지적돼왔던 문제였죠?
3백 명 가까이 숨진 열차 참사가 발생한 데 이어서 어제 또다시 탈선 사고가 발생했습니다.
인도에서 이렇게 대형 열차 사고가 끊이지 않고 있는 이유가 뭔지, 윤성철 기자가 취재했습니다.
◀ 리포트 ▶
출근 전쟁이 한창인 인도 뭄바이의 열차 정거장입니다.
열차가 들어오기가 무섭게 플랫폼에 서 있던 사람들이 한꺼번에 몰려듭니다.
내리는 사람들과 타려는 사람들이 뒤엉켜 있지만 차량은 그대로 출발합니다.
시속 수십km 속도로 달리는 열차에 대롱대롱 매달린 모습은 보기만 해도 아찔합니다.
인도 전역에서 출퇴근 시간마다 반복해서 벌어지는 모습들입니다.
인도 철도경찰에 따르면 지난해 뭄바이 교외 철도에서만 2,507명이 사망했습니다.
매일 7명 정도의 사람들이 철도 관련 사고로 목숨을 잃고 있는 겁니다.
선로 무단횡단 중 사망이 45%로 가장 많았고, 열차 추락 사망이 28%로 뒤를 이었습니다.
선로 주변에 육교가 없는 데다, 열차 문이 주행 중에도 열려있어 벌어지는 사고들입니다.
인구가 14억 명에 달하는 인도에서 철도는 가장 핵심적인 교통수단입니다.
하루 1,300만 명이 철도를 이용해 극심한 혼잡이 일상이지만 안전장치는 부실합니다.
운행 중인 철도 대부분이 영국 식민지 시대에 건설돼 노후화가 심각하기 때문입니다.
구식 신호장비와 노후한 차량, 안전관리 부실 3박자로 탈선과 충돌도 끊이지 않고 있습니다.
지난 2일 275명이 숨진 열차 충돌 사고도 지금까지 조사로는 신호 오류가 원인이 된 것으로 보입니다.
[A.M. 차우다리/인도 동남부 철도안전국장] ""사고 원인 조사가 진행 중입니다. 우리는 조사를 위해 모든 목격자들을 불렀고, 조사가 끝난 뒤에야 사고 원인이 무엇인지 알 수 있을 것입니다.""
참사 3일 만인 어제도 사고지역인 오디샤주에서 또 열차 탈선사고가 났습니다.
석회석을 실은 화물열차 5량이 넘어져 사상자는 나오지 않았지만 연이은 사고로 불안감은 이어지고 있습니다.
MBC뉴스 윤성철입니다.
영상편집: 김관순
MBC 뉴스는 24시간 여러분의 제보를 기다립니다. 
▷ 전화 02-784-4000 ▷ 이메일 mbcjebo@mbc.co.kr ▷ 카카오톡 @mbc제보
영상편집: 김관순
윤성철 기자(ysc@mbc.co.kr)
기사 원문 - https://imnews.imbc.com/replay/2023/nwdesk/article/6490946_36199.html
[저작권자(c) MBC (https://imnews.imbc.com) 무단복제-재배포 금지]


저작권자(c) MBC (www.imnews.com) 무단복제-재배포 금지"
"野 이동관 비판에 與 ""내로남불..혁신위원장 검증이나 잘하라"" 반격",https://v.daum.net/v/76rwC7fOpT,"""공영방송 민노총 해방시키려면 강도 높은 개혁이 필수""





            【서울=뉴시스】최동준 기자 = 이동관 전 청와대 홍보수석이 7일 오전 서울 강남구 이명박 전 대통령 사무실에 도착하고 있다. 2018.03.07. photocdj@newsis.com /사진=뉴시스
           


[파이낸셜뉴스] 국민의힘이 6일 ""더불어민주당이 이동관 전 청와대 홍보수석의 차기 방송통신위원장 내정설에 발끈하고 나선 것은 신기루를 좇는 언어도단이고 내로남불""이라고 지적했다. 
          
국민의힘 ICT미디어진흥특위는 성명서를 통해 ""민주당이 무려 '내정' 단계에서 자지러지는 것은 이동관 특보를 두려워하는 반증으로 보인다""며 이같이 밝혔다. 
특위는 ""(이 전 수석이 차기 방송통신위원장에) 내정됐다고 발표한 것도 아닌데 과잉반응을 보이는 배경이 무엇인지 저의가 의심스러울 뿐""이라고 했다. 
이어 민주당이 ""이 전 수석은 고소고발 남발로 언론에 재갈을 물렸고, 공영방송 사장 해임, 낙하산 선임, 해직사태 주도한 사람""이라고 비판한 것을 두곤 ""비난하는 이유는 더욱 가당찮다""며 ""이 모든 것이 문재인 정권 초창기에 이뤄져 정권 내내 자행된 일 아닌가. 자성문이나 반성문으로 나와야 할 이야기""라고 지적했다. 
그러면서 ""문재인 정권이 민노총 언론노조와 결탁해 이룬 노영방송체제를 바로잡는 것은 국민이 바라는 '방송 정상화'일 뿐""이라며 ""공영방송을 민노총 언론노조에서 해방시키려면 강도 높은 개혁이 필수적""이라고 덧붙였다. 
아울러 ""결정도 안 된 인사를 가지고 미리부터 '부적절' 운운하며 좌표찍기에 나서기 전에 민주당 혁신위원장 선임 검증이나 잘 하길 바란다""며 ""임명 9시간 만에 이념과 성향에 심각한 의심이 가는 천안함 자폭 등 막말로 낙마한 이래경 사태에 대한 사과와 재발방지가 먼저 할 일""이라고 했다.


ⓒ 파이낸셜뉴스, 무단 전재 및 재배포 금지"
"<뉴스브릿지> 열세 살, 마지막 어린이들의 우정과 위로",https://v.daum.net/v/5hjsSB6hzv,"[EBS 뉴스]
서현아 앵커
초등학교 6학년은 어린이라고 불리는 마지막 시기기도 하죠.

청소년기를 눈앞에 둔 열세 살 어린이들이 각자 다른 속도로 걸으면서, 세상과 만나는 이야기가 출간됐습니다.

10대들이 가장 사랑하는 소설가이기도 하죠.

<열세 살 걷기 클럽> 김혜정 작가와 이야기 나눠봅니다.

서현아 앵커
먼저, 자기소개를 부탁드립니다. 

김혜정 어린이청소년 문학가 
안녕하세요. 어린이를 위한 동화와 청소년을 위한 소설과 에세이를 쓰고 있는 작가 김혜정 어린이청소년 문학가입니다.

이제까지 쓴 동화로 '열세 살의 걷기 클럽', '헌터걸', '맞아 언니 상담소'가 있고, 청소년 소설로 '오백 년째 열다섯', '하이킹걸즈', '다이어트 학교', 청소년 에세이로 '고민해서 뭐할 건데?', '다행히 괜찮은 어른이 되었습니다'가 있습니다.

서현아 앵커
여러 가지 개성 있는 작품들을 많이 남기셨습니다.

중학교 2학년 때 첫 소설을 낸 뒤, 작가로 활발히 활동하고 계십니다.

처음에 작가가 되신 계기는 무엇인가요?

김혜정 어린이청소년 문학가
어렸을 때부터 이야기를 정말 좋아했어요. 

만화책, 영화, 드라마, 동화, 소설 등 가리지 않고 이야기에 빠져 살았어요.

맛있는 음식을 먹다 보면 음식을 만들고 싶어지잖아요.

그것처럼 재밌는 이야기를 읽다보니까 저도 그런 이야기를 만들고 싶더라고요.

그래서 중학교 2학년 때 처음 쓴 '가출일기'라는 소설을 여러 출판사에 투고해 출간까지 하게 되었어요.

하지만 정식 작가가 된 건 10년 뒤예요. 공모전에서 10년 동안 100번을 떨어진 다음 '하이킹걸즈'로 상을 받고 작가가 되었어요.

서현아 앵커
특히 작가님께서는 주로 10대들의 이야기를 쓰고 계십니다.

이유가 있을까요?

김혜정 어린이청소년 문학가
십대 인물들을 정말 좋아해요.

현실에서도 어른들은 잘 바뀌지 않잖아요.

이야기 속에서도 마찬가지예요.

인물이 변하지 않으면 이야기가 변하지 않거든요. 그런데 십대 인물들은 정말 많이 변해서 쓰는 입장에서 너무 재밌거든요.

그래서 판타지나 SF 등 다양한 장르에 십대 인물이 더 잘 어울리는 것 같아요.

서현아 앵커
10대들에게 아주 변화무쌍한 매력이 있어서 주로 다루고 계시다는 설명이신데요.

이번에는 13살 아이들 이야기죠, 13살의 걷기 클럽이라는 책을 펴내셨습니다.

어떤 책입니까? 

김혜정 어린이청소년 문학가 
열세 살 어린이 네 명이 어쩌다가 걷기 클럽을 결성해 일 년 동안 함께 걸으며 성장하는 이야기예요.

전혀 친하지 않고, 성격이 너무 다른 네 명의 아이들이 걸으면서 자신의 속마음을 터놓고 친구의 고민에 귀를 기울여요.

주인공 아이들이 건강하게 자신들의 문제를 해결해 나가는 모습을 보고 저도 더 건강한 어른이 되어야겠다고 다짐했어요.

서현아 앵커 
다양한 운동이 있는데 특히 걷기에 주목하신 이유가 있을까요?

김혜정 어린이청소년 문학가
제가 걷는 걸 정말 좋아하거든요.

제 등단작인 '하이킹 걸즈'라는 작품도 걷기가 소재예요.

그 작품은 소년원에 가는 대신 1,200km의 실크로드 도보여행을 하는 소녀들의 이야기랍니다.

보통 운동 소재 이야기라고 하면 축구나 야구, 수영 같은 걸 떠올리는데, 걷기도 충분히 운동클럽이 될 수 있지 않을까 싶었어요.

사실 제가 학창 시절에 한 유일한 운동이 걷기였거든요.

그때 친구들과 노래를 부르고 수다를 떨며 한 시간씩 걷기도 하고, 혼자 걸으며 이런 저런 생각을 했어요.

그래서 걷기 클럽 이야기를 자연스럽게 했던 것 같아요.

서현아 앵커
그렇다면 이 책에서 가장 좋아하시는 구절이 어디인지 좀 시청자들과 공유해 주실 수 있을까요?

김혜정 어린이청소년 문학가
""걷기는 이기고 지는 운동이 아니다. 천천히 걷고 싶으면 천천히 걸을 수 있다. 앞서 걷는 사람을 꼭 따라잡을 필요도 없다. 무엇보다 이렇게 함께 손을 잡고도 걸을 수 있다. 난 강은이와 혜윤이와 재희와 함꼐 걸을 수 있어서 좋았다.""

주인공 윤서가 처음에 걷기클럽을 만들게 된 건 그 어느 클럽에도 들어가고 싶지 않아서였거든요.

그런 윤서가 1년 동안 걸으며 이런 생각을 하게 돼요.

그래서 저는 이 부분을 가장 좋아해요.

서현아 앵커
네 함께 가는 방법을 배울 수 있게 하는 걷기 운동, 그런데 이 걷기 클럽의 아이들은 가정폭력이나 또 학교 폭력을 당하는 친구들을 도와주려다가 또 뜻하지 않게 어려움을 겪게 되기도 하는데요.

이 부분에서 전하고 싶은 어떤 메시지가 있으셨습니까?

김혜정 어린이청소년 문학가
어린이와 어른이 같은 사건을 동시에 겪었을 때 마음의 상처로 남는 건 똑같다고 하더라고요.

하지만 어른은 그 사건이 성격에 영향을 주지 않는대요.

어른은 성격이 이미 완성되었으니까요.

반대로 어린이는 겪은 일을 어떻게 해결해 나가느냐에 따라 성격이 달라진다고 해요.

어린이들이 밝고 좋은 것만 경험하고 살 수 없어요.

세상 자체가 그렇지 못하니까요.

어린이들이 잘못된 것, 옳지 않은 것을 맞닥트렸을 때 ""틀렸어요"", ""잘못됐어요"", 라고 말하고 그걸 지지받는 경험을 가졌으면 좋겠어요.

옳은 일을 한다고 다 칭찬받지 못해요. 친구를 잃을 수도 있고, 미움을 받을 수도 있어요.

그럼에도 불구하고 주인공 아이들이 스스로의 행동에 확신을 갖게 되는 과정을 제대로 보여주고 싶었어요.

서현아 앵커
특히 이 작품을 통해서 13살 어린이들에게 하시고 싶으셨던 말씀도 있으셨을까요?

김혜정 어린이청소년 문학가
열세 살 어린이들은 마지막 어린이들이예요.

초등학교에 강연을 가면 1학년과 6학년의 차이가 너무 커서 놀라요.

6년 동안 어린이들이 정말 많이 성장하더라고요.

그동안 어린이로 잘 자라주어서 기특하다고 칭찬해 주고 싶어요.

그런데 미안하게도 이제 곧 시작되는 청소년은 더 힘들 테니 각오하고, 잘 버텨달라고 응원하고 싶어요.

서현아 앵커
위로와 응원을 담은 메시지 마지막 어린이들에게 어떤 칭찬과 응원을 보내고 싶다는 말씀이셨는데요.

그렇다면 앞으로 작가님 계획은 어떤 모습일까요?

김혜정 어린이청소년 문학가
제가 5년 전에는 쓰지 못할 거라고 생각했던 글을 쓰고 싶어요.

작가가 된 지 15년이 되었는데 아직도 글쓰기가 재밌고 신나요.

그건 생각지도 못한 이야기를 발견하고 만들어가는 새로움 덕분이더라고요.

학교 강연을 가면 좋아하는 일을 직업으로 삼은 저를 아이들이 신기하게 여겨요.

앞으로도 계속 작품 활동을 해서 충분히 좋아하는 일을 하면서도 먹고 살 수 있다는 걸 보여주고 싶어요.

서현아 앵커
네 가장 중요하죠.

꿈도 고민도 많은 시기입니다. 

우리 어린이와 청소년들에게 든든한 힘이 되는 메시지 공유해 주셨습니다. 

오늘 말씀 잘 들었습니다.



Copyright ⓒEBS(한국교육방송공사) www.ebs.co.kr (무단복제 및 전재 - 재배포금지)"
"""가족 찾아달라""…도움 요청했다가 31년 만에 잡힌 살인범",https://v.daum.net/v/F99uKNmBCE,"오랫동안 도피생활, 가족 찾고 싶어 공안 찾았다가 체포





            사진=게티이미지뱅크
           

중국에서 이웃을 살해했던 범죄자가 31년만에 공안에 붙잡혔다. 오랜 도피생활 후 자신의 가족을 찾는 과정에서 공안에 도움을 요청하려다 덜미가 잡혔다.
6일 펑파이 신문 등 중국 매체들은 네이멍구 훠린궈러시 공안국이 최근 60대 리모씨를 1992년 지린성 눙안현의 살인 사건 용의자로 체포했다고 보도했다.
공안국에 따르면 리씨는 지난달 공안국을 찾아 오랫동안 헤어진 가족을 찾고 싶다며 도움을 요청했다. 현지 경찰은 리씨의 가족을 찾기 위해 수소문하던 도중 31년 전 발생한 농안현 살인 사건과 관련 있다는 단서를 포착했다. 리씨가 가족을 찾는다면서도 실명 등 신상 정보를 알리지 않는 점도 의심을 품게 했다.
경찰은 리씨에게서 채취한 유전자(DNA)와 현지 공안국이 보관하던 살인범 DNA를 대조한 결과 일치함을 확인하고 리씨를 추궁해 범행을 자백받았다. 리씨가 체포된 날은 그가 31년 전 범행을 저질렀던 날과 같았다.
리씨 자백을 종합하면 그는 당시 이웃과 말다툼을 벌이던 도중 흉기를 휘둘러 상대방을 살해했다. 이후 가족과 연락을 끊고 도피 생활을 시작했다.
건설현장 일용직을 하며 생계를 유지하던 리씨는 나이가 들면서 가족을 찾고 싶었지만 주소조차 기억할 수 없어 공안에 도움을 청한 것으로 알려졌다.
진영기 한경닷컴 기자 young71@hankyung.com
▶ 클래식과 미술의 모든 것 '아르떼'에서 확인하세요▶ 한국경제신문과 WSJ, 모바일한경으로 보세요


Copyrights 한경닷컴, 무단 전재 및 재배포 금지"
뮤지컬 보고 치킨 사먹고…교육교부금 280억 넘게 샜다,https://v.daum.net/v/V3idgWFLE4,"<앵커>
얼마 전 나랏돈을 부정하게 사용한 민간 단체가 여럿 적발됐는데요. 이번에는 정부가 시·도 교육청에 나눠주는 교부금이 280억 원 넘게 부정 사용됐다는 조사 결과가 나왔습니다.
전병남 기자가 취재했습니다.
<기자>
서울의 한 중학교는 지난해 9월, 교직원들의 뮤지컬 관람비로 700만 원을 썼습니다.
비슷한 시기, 충남의 한 초등학교 역시 교직원들이 뮤지컬을 보는 데 400만 원을 사용했습니다.
그런데 이 돈, 알고 보니 정부가 시·도 교육청에 나눠준 '그린 스마트 미래학교' 전환사업 운영비 예산이었습니다.
'미래학교' 전환 사업은 5년간 20조 3천억 원을 들여 낡은 학교 건물을 첨단 학교로 개축하는 사업입니다.
경기도에서는 교직원 바리스타 자격 취득 연수에, 인천에서는 심야 시간 치킨을 사 먹는 데 이 예산이 쓰였습니다.
정부 합동 부패예방추진단이 전국 17개 시·도 교육청을 대상으로 지난 3년간의 지방교육재정 운영실태를 점검한 결과, 이렇게 줄줄 샌 혈세가 97건에 282억 원에 달했습니다.
남북 교육 기관 협력을 위해 8개 교육청에 편성된 '남북교육교류협력기금'에서도 문제가 발견됐습니다.
한 교육청이 17억 원 규모의 인도적 지원 물품을 북한에 보냈는데, 특정 단체와 반복적으로 1인 수의계약을 맺어 관련 법령을 어긴 것으로 조사됐습니다.
북한으로부터 받은 공급확인서에는 '평양'이라고만 적혀, 실제 물품이 전달됐는지도 알 수 없는 상황입니다.
이 밖에도, 49개 학교 관련 공사에서 30여억 원의 시설 공사비가 과다 집행된 사실도 드러났습니다.
지방교육재정 교부금은 2013년 41조 1천억 원에서 올해 75조 7천억 원으로 늘었습니다.
정부는 법을 위반한 관계자들에 대한 문책과 함께, 해당 교육청에 대한 행정 조치도 취할 방침입니다.
(영상취재 : 오영춘, 영상편집 : 박기덕)
전병남 기자 nam@sbs.co.kr


저작권자 SBS & SBS Digital News Lab 무단복제-재배포 금지"
동네의원 늘었지만 산부인과는 감소,https://v.daum.net/v/KdiiNG0g83,"최근 10년간 충북지역에서 동네의원은 늘어났지만 산부인과는 줄어든 것으로 나타났습니다. 
건강보험심사평가원에 따르면 올해 1분기 충북 도내 의원 수는 934개로 10년 전 775개와 비교하면 21%인 159개가 늘어났습니다. 
다만 산부인과는 저출산 등의 여파로 같은 기간 49개에서 39개로 20%인 10개가 줄어들었습니다."
"'과자 1봉 7만원' 상인 ""먹고 살기 힘들어서""…영양군 이어 직접 사과",https://v.daum.net/v/ztyeoytnqo,"/사진=KBS2 '1박 2일 시즌4'
           

KBS 2TV 예능 '1박2일' 시즌4 방송 이후 불거진 전통시장 바가지 논란에 대해 경북 영양군이 대국민 사과문을 발표했다.
영양군은 6일 홈페이지 자유게시판에 사과문을 게재하며 ""'1박2일' 프로그램에서 방영된 옛날과자 바가지 논란과 관련, 국민 여러분께 심려를 끼쳐드린 데 대해 진심으로 사과의 말씀을 드린다""고 밝혔다. 
그러면서 ""5일 우리 군(영양군)이 배포한 해명자료에서 이번 일을 마치 외부상인만의 문제인 것처럼 언급한 것에 대해서도 부적절했음을 인정하며 거듭 사과의 말씀을 드린다""며 ""같은 일이 재발하지 않도록 국민의 눈높이에 맞는 상거래 질서 확립 대책을 마련해 국민과의 신뢰가 지켜질 수 있도록 노력하겠다""고 덧붙였다.



            /사진=경북 영양군청 누리집 갈무리
           

자신을 해당 상인이라고 밝힌 누리꾼 역시 군청 홈페이지에 사과문을 게재했다. 해당 상인은 ""변명하지 않겠다. 코로나로 인해 먹고 살기 힘들어서 과자 단가를 높이 책정했다""며 ""모든 상인 여러분, '1박2일' 관계자 여러분 죄송하다""고 했다.
이어 ""이런 일을 처음 겪어서 어떻게 글을 써야할지 모르겠다. 진심이 전달되었으면 한다""고 말했다.
전날인 5일 영양군청은 홈페이지를 통해 해당 상인은 외부 상인이라며 선을 그었으나 하루만에 태도를 바꾼 것이다. 전날 해명자료에서 영양군청은 (해당 상인은) 외부상인으로 영양전통시장 상인들과는 전혀 무관함을 알려드린다""며 ""이런 곳에서 터무니없는 가격으로 판매를 한다면 금방 소문이 나서 영업이 거의 불가능 한 곳""이라고 했다.
앞서 지난 4일 전파를 탄 '1박2일 시즌4'에서는 출연자들이 지난달 중순 열린 '제18회 영양산나물축제' 기간 영양군 재래시장을 찾아 옛날 과자를 구입하는 과정이 그려졌다. 
김종민은 ""어르신들이 (전통 과자를) 좋아하신다""며 시식에 나섰다. 김종민은 봉투에 과자를 담은 뒤 무게를 측정하기 위해 상인에게 건넸다. 과자의 무게는 약 1.5㎏. 100g당 단가는 약 4499원으로, 한 봉지에 무려 가격이 6만8000원대로 매겨졌다. 더구나 상인은 1봉지당 7만원씩을 요구했다.
세 멤버가 가격이 너무 비싸다며 당황하는 사이 상인은 과자 세 봉지를 포장해 다시 건넸다. 멤버들이 ""10만 원에 맞춰달라""고 부탁했으나 상인은 ""아까 (시식으로) 먹은 게 얼만데""라며 단칼에 거절했다. 
김도균 기자 dkkim@mt.co.kr


저작권자 ⓒ '돈이 보이는 리얼타임 뉴스' 머니투데이"
"우크라이나 댐 폭파‥우크라 ""환경학살"" vs 러시아 ""테러 공격""",https://v.daum.net/v/8qqEZ6iHeo,"[뉴스데스크]
◀ 앵커 ▶
우크라이나가 러시아에 맞서 반격을 개시하고 있는 가운데 이번에는 우크라이나 남부에 있는 거대한 댐이 포탄에 폭파됐습니다. 
우크라이나와 러시아는 서로 상대가 저지른 테러라고 주장했습니다. 
김태윤 기자가 전해드립니다.
◀ 리포트 ▶
우크라이나 남부에 위치한 카호우카댐입니다.
댐 상부쪽이 심하게 부서져 있고 그 사이로 강물이 하얀 물보라를 일으키며 빠져나갑니다.
현지시간 6일 밤 러시아가 점령 중인 카호우카댐 상부가 포탄을 맞았습니다.
우크라이나 당국은 댐폭발로 하류의 주민 1만 6천 명이 위험에 처했다고 밝혔습니다.
댐 폭파를 두고 양국은 상대방의 책임을 주장하고 있습니다.
젤렌스키 우크라이나 대통령은 즉시 국가안보위 긴급회의를 소집하고 러시아를 규탄했습니다.
우크라이나는 ""'환경학살'이고, 댐 인근 자포리자 원자력발전소를 위험하게 했다""며 러시아가 전황을 이롭게 하려 폭파했다고 주장했습니다.
하지만 러시아 측은 ""러시아군이 통제하고 있던 댐이 파괴된 것""이라며, ""우크라이나의 '테러 공격'""이라고 즉시 맞받아쳤습니다.
일단 자포리자 원전은 무사한 것으로 알려졌습니다.
하지만 작년 11월 폭파상황이 실시간으로 촬영됐던 카호우카댐의 갑문처럼 댐의 다른 곳이 또 파괴될 경우 하류쪽 주민들의 피해는 매우 클 것으로 우려되고 있습니다.
대반격의 서막으로 보이는 남부와 동부지역에서의 교전을 놓고도 양측은 전혀 다른 말을 하고 있습니다.
러시아 국방부는 오늘 우크라이나 남부 도네츠크주에서 우크라이군의 독일제 전차 8대를 포함한 탱크 28대를 파괴했다고 주장했습니다.
또 우크라이나군 병력의 총손실이 1천500명이 넘는다고 밝혔습니다.
하지만 우크라이나 대변인은 ""우리는 그러한 정보가 없고 어떤 종류의 가짜뉴스도 논평하지 않는다""고 반박했습니다.
러시아측 용병 바그너그룹의 수장 프리고진도 이틀 연속 우크라이나의 대공세를 격퇴했다는 주장은 ""공상과학소설""이라며 오히려 러시아측 말을 부정했습니다.
프리고진은 바그너 용병들이 바흐무트를 탈환하는 동안 제대로 보급을 받지 못했다며 러시아 당국을 비판하고 있습니다.
MBC뉴스 김태윤입니다.
영상편집: 최문정
MBC 뉴스는 24시간 여러분의 제보를 기다립니다. 
▷ 전화 02-784-4000 ▷ 이메일 mbcjebo@mbc.co.kr ▷ 카카오톡 @mbc제보
영상편집: 최문정
김태윤 기자(kktyboy@mbc.co.kr)
기사 원문 - https://imnews.imbc.com/replay/2023/nwdesk/article/6490945_36199.html
[저작권자(c) MBC (https://imnews.imbc.com) 무단복제-재배포 금지]


저작권자(c) MBC (www.imnews.com) 무단복제-재배포 금지"
[단독] 이번엔 K-총탄‥탱크 뚫는 총알 도입하나?,https://v.daum.net/v/qgoLSB6hLB,"[뉴스데스크]
◀ 앵커 ▶
육군이 3년뒤부터 소총 등에 사용하는 탄환을 고성능탄으로 교체하기로 방침을 정했습니다. 
기존 탄환보다 유효 사거리가 3배 길고, 탱크와 장갑차의 철갑을 뚫을 정도로 파괴력도 강하다고 합니다.
장인수 기자의 단독보도입니다.
◀ 리포트 ▶
2021년 4월 경기도의 한 육군 사격훈련장. 
MBC 취재진이 참가한 가운데 고성능탄 성능시험이 진행됐습니다. 
100m 거리에 장갑차의 철갑으로 사용되는 6.5mm 두께의 방탄강을 설치한 뒤 소총에 들어가는 5.56mm 총탄을 발사해 봤습니다. 
먼저 우리 군이 주력으로 사용하고 있는 K-100탄. 
맞은 자국만 생길 뿐 가볍게 튕겨져 나갑니다. 
이번엔 고성능탄. 
맞는 족족 방탄강을 뚫어 버립니다. 
K-100탄과 비교해 탄착군도 훨씬 좁게 형성됐습니다. 
명중률까지 향상된 겁니다. 
지난해 10월엔 사거리 성능 시험이 진행됐습니다. 
1km 거리에 3.5mm 두께의 강철판을 설치하고 기관총에 들어가는 7.62mm 총탄을 쐈는데 결과는 놀라웠습니다. 
한 발도 예외 없이 1km나 떨어진 강철판을 관통했습니다. 
[육군 성능시험 심사관] ""30발 사격. 22발 명중. 22발 관통""
현재 군이 사용하는 7.62mm탄은 최대 600m까지 조준 사격이 가능한데 철판을 뚫는다는 건 상상조차 못할 일입니다. 
고성능탄은 뒷부분에 홈을 파 공기 저항을 최대한 줄였고, 무게 중심을 앞으로 당겨 앞 부분이 흔들리지 않게 비행안정성을 대폭 증가시킨 것이 성능 비결입니다. 
[김형세/전 육군교육사 전투모의처 개발과장] ""소화기탄에 우선적으로 적용을 해봐도 3배 이상의 성능이 나오는 걸로 봐서는 모든 날아다니는 비행체에 다 적용할 수 있는 기술입니다."" 
군은 지난 2년간 30여차례의 시험 사격을 진행해 고성능탄의 압도적인 위력을 확인했습니다. 
또 지난해 12만 발을 특전사에 우선 공급해 야전에서 사용해 본 결과 다양한 작전을 수행하는데 문제가 없다는 사실을 확인하고 올해 2월 군 사용에 적합하다는 결정을 내렸습니다. 
MBC 취재 결과 육군은 2026년 도입을 목표로 고성능탄의 대량 생산을 추진하고 있는 것으로 확인됐습니다. 
원천기술의 해외 유출을 막기 위해 미국 러시아 EU 등 전 세계 주요국의 특허 등록도 마친 상태입니다. 
군은 고성능탄에 사용된 기술을 K9 자주포에 적용할 경우, 사거리가 3배 이상 증가할 것으로 기대하고 있습니다. 
기대가 현실화된다면 군은 세계 최강의 재래식 전력을 확보할 수 있게 됩니다. 
MBC뉴스 장인수입니다. 
영상취재: 허원철 / 영상편집: 김진우 / CG: 유승호
MBC 뉴스는 24시간 여러분의 제보를 기다립니다. 
▷ 전화 02-784-4000 ▷ 이메일 mbcjebo@mbc.co.kr ▷ 카카오톡 @mbc제보
영상취재: 허원철 / 영상편집: 김진우
장인수 기자(mangpoboy@mbc.co.kr)
기사 원문 - https://imnews.imbc.com/replay/2023/nwdesk/article/6490944_36199.html
[저작권자(c) MBC (https://imnews.imbc.com) 무단복제-재배포 금지]


저작권자(c) MBC (www.imnews.com) 무단복제-재배포 금지"
